timestamp,min_from_start,T_K,P_kPa,Flow_m3_h,Conc_mass_frac,MB_index,status,batch_id
2025-01-15 08:00:00,0,321.01,102.77,1.588,0.05,0.989,OK,BATCH-2025-01-15-A
2025-01-15 08:01:00,1,319.97,104.41,1.598,0.0492,0.964,OK,BATCH-2025-01-15-A
2025-01-15 08:02:00,2,320.52,102.7,1.603,0.0523,0.916,OK,BATCH-2025-01-15-A
2025-01-15 08:03:00,3,320.99,105.13,1.571,0.053,0.951,OK,BATCH-2025-01-15-A
2025-01-15 08:04:00,4,320.53,106.05,1.645,0.0495,0.946,OK,BATCH-2025-01-15-A
2025-01-15 08:05:00,5,321.25,103.51,1.624,0.0502,0.965,OK,BATCH-2025-01-15-A
2025-01-15 08:06:00,6,321.5,104.51,1.651,0.0513,0.961,OK,BATCH-2025-01-15-A
2025-01-15 08:07:00,7,320.7,106.59,1.613,0.0503,0.922,OK,BATCH-2025-01-15-A
2025-01-15 08:08:00,8,322.61,104.89,1.653,0.0545,0.991,OK,BATCH-2025-01-15-A
2025-01-15 08:09:00,9,322.61,103.51,1.584,0.057,0.929,OK,BATCH-2025-01-15-A
2025-01-15 08:10:00,10,322.12,103.42,1.802,0.0589,0.986,OK,BATCH-2025-01-15-A
2025-01-15 08:11:00,11,322.65,102.58,1.591,,0.952,OK,BATCH-2025-01-15-A
2025-01-15 08:12:00,12,323.3,,1.607,0.0606,0.995,OK,BATCH-2025-01-15-A
2025-01-15 08:13:00,13,323.09,104.1,1.68,0.0625,0.979,OK,BATCH-2025-01-15-A
2025-01-15 08:14:00,14,323.35,106.26,1.696,0.0638,0.981,OK,BATCH-2025-01-15-A
2025-01-15 08:15:00,15,322.88,106.04,1.598,0.0634,0.919,OK,BATCH-2025-01-15-A
2025-01-15 08:16:00,16,324.33,104.21,1.557,0.0643,0.984,OK,BATCH-2025-01-15-A
2025-01-15 08:17:00,17,324.32,104.37,1.572,0.065,0.954,OK,BATCH-2025-01-15-A
2025-01-15 08:18:00,18,324.66,105.93,1.595,0.066,0.904,OK,BATCH-2025-01-15-A
2025-01-15 08:19:00,19,323.83,105.18,1.608,0.0649,0.919,OK,BATCH-2025-01-15-A
2025-01-15 08:20:00,20,325.99,105.32,1.641,0.0659,1.0,OK,BATCH-2025-01-15-A
2025-01-15 08:21:00,21,325.34,103.02,1.703,0.0664,0.963,OK,BATCH-2025-01-15-A
2025-01-15 08:22:00,22,325.27,106.08,1.708,0.0673,0.903,OK,BATCH-2025-01-15-A
2025-01-15 08:23:00,23,326.97,103.95,1.626,0.068,0.944,OK,BATCH-2025-01-15-A
2025-01-15 08:24:00,24,325.97,102.28,1.686,0.0664,0.91,OK,BATCH-2025-01-15-A
2025-01-15 08:25:00,25,325.38,104.26,1.705,,0.902,OK,BATCH-2025-01-15-A
2025-01-15 08:26:00,26,326.26,,1.733,0.0697,0.947,OK,BATCH-2025-01-15-A
2025-01-15 08:27:00,27,325.38,107.52,1.657,0.0681,0.926,OK,BATCH-2025-01-15-A
2025-01-15 08:28:00,28,327.63,94.55,1.63,0.0684,0.984,OK,BATCH-2025-01-15-A
2025-01-15 08:29:00,29,327.0,103.4,1.706,0.0676,0.99,OK,BATCH-2025-01-15-A
2025-01-15 08:30:00,30,327.05,107.55,1.747,0.0674,0.94,OK,BATCH-2025-01-15-A
2025-01-15 08:31:00,31,328.39,105.19,1.646,0.0694,0.931,OK,BATCH-2025-01-15-A
2025-01-15 08:32:00,32,327.01,104.69,1.772,0.0706,0.999,OK,BATCH-2025-01-15-A
2025-01-15 08:33:00,33,328.57,103.71,1.762,0.074,0.988,OK,BATCH-2025-01-15-A
2025-01-15 08:34:00,34,327.26,103.8,1.665,0.0744,0.935,OK,BATCH-2025-01-15-A
2025-01-15 08:35:00,35,328.35,106.77,1.601,0.0731,0.985,OK,BATCH-2025-01-15-A
2025-01-15 08:36:00,36,328.28,104.68,1.651,0.0736,0.99,OK,BATCH-2025-01-15-A
2025-01-15 08:37:00,37,330.13,104.35,,0.0702,0.983,OK,BATCH-2025-01-15-A
2025-01-15 08:38:00,38,330.56,104.39,1.71,0.0733,0.95,OK,BATCH-2025-01-15-A
2025-01-15 08:39:00,39,,106.88,1.602,0.074,0.957,OK,BATCH-2025-01-15-A
2025-01-15 08:40:00,40,330.5,104.29,,0.075,0.978,OK,BATCH-2025-01-15-A
2025-01-15 08:41:00,41,330.14,105.75,1.805,0.0755,0.976,OK,BATCH-2025-01-15-A
2025-01-15 08:42:00,42,330.84,105.32,1.652,0.0745,0.926,OK,BATCH-2025-01-15-A
2025-01-15 08:43:00,43,330.3,105.29,1.597,0.0746,1.0,OK,BATCH-2025-01-15-A
2025-01-15 08:44:00,44,329.97,103.95,1.682,0.0737,0.954,OK,BATCH-2025-01-15-A
2025-01-15 08:45:00,45,330.17,105.79,1.713,0.0732,0.977,OK,BATCH-2025-01-15-A
2025-01-15 08:46:00,46,331.73,106.93,1.76,0.074,0.954,OK,BATCH-2025-01-15-A
2025-01-15 08:47:00,47,333.1,104.94,1.729,0.0724,0.901,OK,BATCH-2025-01-15-A
2025-01-15 08:48:00,48,332.16,103.9,1.684,0.0752,0.992,OK,BATCH-2025-01-15-A
2025-01-15 08:49:00,49,331.94,103.45,1.596,0.0738,0.991,OK,BATCH-2025-01-15-A
2025-01-15 08:50:00,50,333.65,105.23,1.72,0.0753,0.981,OK,BATCH-2025-01-15-A
2025-01-15 08:51:00,51,332.89,104.67,1.738,0.0746,0.966,OK,BATCH-2025-01-15-A
2025-01-15 08:52:00,52,333.06,104.87,1.68,0.073,0.989,OK,BATCH-2025-01-15-A
2025-01-15 08:53:00,53,333.4,105.01,1.71,0.0738,0.954,OK,BATCH-2025-01-15-A
2025-01-15 08:54:00,54,333.42,103.23,1.706,0.0743,0.928,OK,BATCH-2025-01-15-A
2025-01-15 08:55:00,55,333.56,105.94,1.684,0.0741,0.971,OK,BATCH-2025-01-15-A
2025-01-15 08:56:00,56,333.14,105.28,1.639,0.0743,0.979,OK,BATCH-2025-01-15-A
2025-01-15 08:57:00,57,334.55,104.91,1.714,0.0735,0.965,OK,BATCH-2025-01-15-A
2025-01-15 08:58:00,58,334.44,105.28,1.625,0.0744,0.964,OK,BATCH-2025-01-15-A
2025-01-15 08:59:00,59,335.47,106.11,1.766,0.0739,0.914,OK,BATCH-2025-01-15-A
2025-01-15 09:00:00,60,334.78,105.06,1.651,0.0741,0.947,OK,BATCH-2025-01-15-A
2025-01-15 09:01:00,61,334.11,103.98,1.72,0.0759,0.911,OK,BATCH-2025-01-15-A
2025-01-15 09:02:00,62,335.44,106.4,1.659,0.0741,0.938,OK,BATCH-2025-01-15-A
2025-01-15 09:03:00,63,336.77,104.48,1.714,0.0734,0.98,OK,BATCH-2025-01-15-A
2025-01-15 09:04:00,64,335.77,104.13,1.684,0.0726,0.843,OK,BATCH-2025-01-15-A
2025-01-15 09:05:00,65,335.72,103.13,1.72,0.0716,0.962,OK,BATCH-2025-01-15-A
2025-01-15 09:06:00,66,335.78,105.01,1.653,0.0698,0.972,OK,BATCH-2025-01-15-A
2025-01-15 09:07:00,67,336.12,103.74,1.611,0.0697,0.978,OK,BATCH-2025-01-15-A
2025-01-15 09:08:00,68,336.82,104.38,1.677,0.0701,0.935,OK,BATCH-2025-01-15-A
2025-01-15 09:09:00,69,336.54,105.54,1.673,0.0702,0.958,OK,BATCH-2025-01-15-A
2025-01-15 09:10:00,70,338.4,105.04,1.614,0.068,0.978,OK,BATCH-2025-01-15-A
2025-01-15 09:11:00,71,337.58,106.22,1.654,0.0693,0.991,OK,BATCH-2025-01-15-A
2025-01-15 09:12:00,72,338.07,105.37,1.603,0.0706,0.99,OK,BATCH-2025-01-15-A
2025-01-15 09:13:00,73,339.11,,1.692,0.0709,0.93,OK,BATCH-2025-01-15-A
2025-01-15 09:14:00,74,339.4,104.6,1.666,0.0696,0.992,OK,BATCH-2025-01-15-A
2025-01-15 09:15:00,75,338.62,104.39,1.684,0.0686,0.99,OK,BATCH-2025-01-15-A
2025-01-15 09:16:00,76,339.2,105.78,1.812,0.0717,0.978,OK,BATCH-2025-01-15-A
2025-01-15 09:17:00,77,339.69,105.03,1.688,0.0745,0.934,OK,BATCH-2025-01-15-A
2025-01-15 09:18:00,78,339.38,104.51,1.698,0.0753,0.973,OK,BATCH-2025-01-15-A
2025-01-15 09:19:00,79,338.68,106.01,1.709,0.0741,0.951,OK,BATCH-2025-01-15-A
2025-01-15 09:20:00,80,340.39,105.12,1.669,0.0761,0.986,OK,BATCH-2025-01-15-A
2025-01-15 09:21:00,81,340.79,104.44,1.644,0.0764,0.956,OK,BATCH-2025-01-15-A
2025-01-15 09:22:00,82,340.75,103.19,1.716,0.079,0.987,OK,BATCH-2025-01-15-A
2025-01-15 09:23:00,83,340.2,105.52,1.722,0.0782,0.985,OK,BATCH-2025-01-15-A
2025-01-15 09:24:00,84,340.88,105.29,1.523,0.0789,0.988,OK,BATCH-2025-01-15-A
2025-01-15 09:25:00,85,340.9,105.06,1.658,0.0786,0.994,OK,BATCH-2025-01-15-A
2025-01-15 09:26:00,86,341.32,,1.647,0.0798,0.904,OK,BATCH-2025-01-15-A
2025-01-15 09:27:00,87,342.53,104.0,1.634,0.0789,1.0,OK,BATCH-2025-01-15-A
2025-01-15 09:28:00,88,342.92,,1.722,0.0803,0.96,OK,BATCH-2025-01-15-A
2025-01-15 09:29:00,89,342.65,105.28,1.631,0.0797,0.971,OK,BATCH-2025-01-15-A
2025-01-15 09:30:00,90,342.83,104.85,1.699,0.0784,0.969,OK,BATCH-2025-01-15-A
2025-01-15 09:31:00,91,343.16,104.83,1.626,0.0793,0.924,OK,BATCH-2025-01-15-A
2025-01-15 09:32:00,92,342.99,104.44,1.631,0.0796,0.999,OK,BATCH-2025-01-15-A
2025-01-15 09:33:00,93,343.2,105.41,1.685,0.0765,0.987,OK,BATCH-2025-01-15-A
2025-01-15 09:34:00,94,343.1,105.28,1.61,0.0765,0.98,OK,BATCH-2025-01-15-A
2025-01-15 09:35:00,95,343.72,104.1,1.636,0.0767,0.996,OK,BATCH-2025-01-15-A
2025-01-15 09:36:00,96,345.36,,1.586,0.0771,0.898,OK,BATCH-2025-01-15-A
2025-01-15 09:37:00,97,344.77,105.95,,0.0802,0.85,OK,BATCH-2025-01-15-A
2025-01-15 09:38:00,98,344.29,105.98,1.673,0.0792,0.927,OK,BATCH-2025-01-15-A
2025-01-15 09:39:00,99,344.47,104.84,1.663,0.0792,0.963,OK,BATCH-2025-01-15-A
2025-01-15 09:40:00,100,344.48,104.77,1.574,0.0767,0.999,OK,BATCH-2025-01-15-A
2025-01-15 09:41:00,101,345.47,103.61,,0.0746,0.965,OK,BATCH-2025-01-15-A
2025-01-15 09:42:00,102,345.73,105.91,1.753,0.0739,0.963,OK,BATCH-2025-01-15-A
2025-01-15 09:43:00,103,344.88,102.44,1.591,0.0738,0.921,OK,BATCH-2025-01-15-A
2025-01-15 09:44:00,104,346.29,104.53,1.577,0.0736,0.931,OK,BATCH-2025-01-15-A
2025-01-15 09:45:00,105,345.91,104.59,1.644,0.0747,0.954,OK,BATCH-2025-01-15-A
2025-01-15 09:46:00,106,347.36,106.03,1.576,0.0759,0.93,OK,BATCH-2025-01-15-A
2025-01-15 09:47:00,107,346.84,105.0,1.594,0.0775,0.956,OK,BATCH-2025-01-15-A
2025-01-15 09:48:00,108,348.03,103.84,1.654,0.0773,0.874,OK,BATCH-2025-01-15-A
2025-01-15 09:49:00,109,346.98,103.29,1.657,,0.952,OK,BATCH-2025-01-15-A
2025-01-15 09:50:00,110,347.33,104.13,1.594,0.077,0.982,OK,BATCH-2025-01-15-A
2025-01-15 09:51:00,111,347.93,105.13,1.668,0.0776,0.963,OK,BATCH-2025-01-15-A
2025-01-15 09:52:00,112,348.63,105.07,1.591,0.0784,0.954,OK,BATCH-2025-01-15-A
2025-01-15 09:53:00,113,348.59,104.76,1.584,0.0777,0.938,OK,BATCH-2025-01-15-A
2025-01-15 09:54:00,114,347.76,104.18,1.593,0.0729,0.918,OK,BATCH-2025-01-15-A
2025-01-15 09:55:00,115,348.86,104.75,1.575,0.0721,0.932,OK,BATCH-2025-01-15-A
2025-01-15 09:56:00,116,349.01,106.2,1.614,0.0761,0.949,OK,BATCH-2025-01-15-A
2025-01-15 09:57:00,117,348.99,103.68,1.599,0.076,0.961,OK,BATCH-2025-01-15-A
2025-01-15 09:58:00,118,349.11,105.04,1.543,0.0752,0.97,OK,BATCH-2025-01-15-A
2025-01-15 09:59:00,119,350.8,106.94,1.588,0.0754,0.916,OK,BATCH-2025-01-15-A
2025-01-15 10:00:00,120,349.57,105.67,1.549,0.0772,0.972,OK,BATCH-2025-01-15-A
2025-01-15 10:01:00,121,349.33,104.45,1.545,0.0777,0.976,OK,BATCH-2025-01-15-A
2025-01-15 10:02:00,122,350.26,105.79,1.564,0.0775,0.941,OK,BATCH-2025-01-15-A
2025-01-15 10:03:00,123,349.99,104.1,1.619,0.0756,0.995,OK,BATCH-2025-01-15-A
2025-01-15 10:04:00,124,349.9,105.01,1.58,0.0752,0.981,OK,BATCH-2025-01-15-A
2025-01-15 10:05:00,125,350.46,106.86,1.626,0.0735,0.985,OK,BATCH-2025-01-15-A
2025-01-15 10:06:00,126,350.32,119.27,1.639,0.0742,0.985,OK,BATCH-2025-01-15-A
2025-01-15 10:07:00,127,350.28,102.95,,0.0765,0.924,OK,BATCH-2025-01-15-A
2025-01-15 10:08:00,128,350.68,105.84,1.525,0.0782,0.956,OK,BATCH-2025-01-15-A
2025-01-15 10:09:00,129,350.3,107.34,1.513,0.0773,0.929,OK,BATCH-2025-01-15-A
2025-01-15 10:10:00,130,349.8,104.35,1.564,0.0759,0.986,OK,BATCH-2025-01-15-A
2025-01-15 10:11:00,131,349.99,105.31,1.591,0.0739,0.946,OK,BATCH-2025-01-15-A
2025-01-15 10:12:00,132,349.93,106.81,1.625,0.0747,0.95,OK,BATCH-2025-01-15-A
2025-01-15 10:13:00,133,350.4,104.41,1.478,0.0756,0.966,OK,BATCH-2025-01-15-A
2025-01-15 10:14:00,134,349.66,105.54,1.587,0.0769,0.954,OK,BATCH-2025-01-15-A
2025-01-15 10:15:00,135,349.25,104.93,1.592,0.0775,0.985,OK,BATCH-2025-01-15-A
2025-01-15 10:16:00,136,350.43,102.69,1.658,0.0757,0.977,OK,BATCH-2025-01-15-A
2025-01-15 10:17:00,137,349.61,105.42,1.543,0.0729,0.996,OK,BATCH-2025-01-15-A
2025-01-15 10:18:00,138,349.27,104.78,1.53,0.0747,0.92,OK,BATCH-2025-01-15-A
2025-01-15 10:19:00,139,350.69,106.11,1.454,0.0735,0.995,OK,BATCH-2025-01-15-A
2025-01-15 10:20:00,140,350.07,107.51,1.489,0.0765,0.979,OK,BATCH-2025-01-15-A
2025-01-15 10:21:00,141,350.83,105.82,1.471,0.0734,0.98,OK,BATCH-2025-01-15-A
2025-01-15 10:22:00,142,350.24,104.56,1.473,0.0718,0.942,OK,BATCH-2025-01-15-A
2025-01-15 10:23:00,143,349.91,105.54,1.477,0.0706,0.919,OK,BATCH-2025-01-15-A
2025-01-15 10:24:00,144,349.86,105.24,1.444,0.0711,0.982,OK,BATCH-2025-01-15-A
2025-01-15 10:25:00,145,350.32,106.23,1.514,0.0723,0.946,OK,BATCH-2025-01-15-A
2025-01-15 10:26:00,146,350.48,103.27,1.536,0.0716,0.967,OK,BATCH-2025-01-15-A
2025-01-15 10:27:00,147,350.17,103.6,1.553,0.0726,0.919,OK,BATCH-2025-01-15-A
2025-01-15 10:28:00,148,350.52,102.55,1.509,0.0708,0.913,OK,BATCH-2025-01-15-A
2025-01-15 10:29:00,149,349.78,105.73,1.565,0.0702,0.905,OK,BATCH-2025-01-15-A
2025-01-15 10:30:00,150,350.73,104.98,1.564,0.0686,0.955,OK,BATCH-2025-01-15-A
2025-01-15 10:31:00,151,349.65,104.23,1.433,0.0679,0.983,OK,BATCH-2025-01-15-A
2025-01-15 10:32:00,152,350.63,104.13,1.494,0.0672,0.967,OK,BATCH-2025-01-15-A
2025-01-15 10:33:00,153,351.17,,1.444,0.0679,0.991,OK,BATCH-2025-01-15-A
2025-01-15 10:34:00,154,351.41,103.89,1.457,0.0733,0.953,OK,BATCH-2025-01-15-A
2025-01-15 10:35:00,155,351.79,104.61,1.514,0.0713,0.975,OK,BATCH-2025-01-15-A
2025-01-15 10:36:00,156,349.84,104.41,1.497,0.0711,0.94,OK,BATCH-2025-01-15-A
2025-01-15 10:37:00,157,351.23,106.67,1.576,0.0723,0.955,OK,BATCH-2025-01-15-A
2025-01-15 10:38:00,158,351.5,105.39,1.604,0.0725,0.989,OK,BATCH-2025-01-15-A
2025-01-15 10:39:00,159,351.36,104.02,1.522,0.0748,0.97,OK,BATCH-2025-01-15-A
2025-01-15 10:40:00,160,350.21,104.3,1.491,0.0733,0.95,OK,BATCH-2025-01-15-A
2025-01-15 10:41:00,161,351.02,106.44,1.492,0.0746,0.93,OK,BATCH-2025-01-15-A
2025-01-15 10:42:00,162,351.88,105.54,1.498,0.0735,0.904,OK,BATCH-2025-01-15-A
2025-01-15 10:43:00,163,349.86,105.35,1.527,0.0748,0.907,OK,BATCH-2025-01-15-A
2025-01-15 10:44:00,164,351.03,105.86,1.461,0.0751,0.983,OK,BATCH-2025-01-15-A
2025-01-15 10:45:00,165,351.4,106.9,1.527,0.0756,0.954,OK,BATCH-2025-01-15-A
2025-01-15 10:46:00,166,350.31,103.54,1.485,0.0747,0.998,OK,BATCH-2025-01-15-A
2025-01-15 10:47:00,167,351.06,104.11,1.55,0.0721,0.93,OK,BATCH-2025-01-15-A
2025-01-15 10:48:00,168,350.05,102.91,1.565,0.0705,0.935,OK,BATCH-2025-01-15-A
2025-01-15 10:49:00,169,350.19,105.59,1.584,0.0717,0.98,OK,BATCH-2025-01-15-A
2025-01-15 10:50:00,170,350.17,104.55,1.489,0.0715,0.931,OK,BATCH-2025-01-15-A
2025-01-15 10:51:00,171,350.75,104.19,1.43,0.0727,0.973,OK,BATCH-2025-01-15-A
2025-01-15 10:52:00,172,350.56,104.09,1.413,0.0709,0.949,OK,BATCH-2025-01-15-A
2025-01-15 10:53:00,173,351.17,105.83,1.483,,0.995,OK,BATCH-2025-01-15-A
2025-01-15 10:54:00,174,350.01,104.83,1.427,0.0736,0.954,OK,BATCH-2025-01-15-A
2025-01-15 10:55:00,175,350.47,104.36,1.416,0.0704,0.963,OK,BATCH-2025-01-15-A
2025-01-15 10:56:00,176,351.1,106.51,1.481,0.071,0.993,OK,BATCH-2025-01-15-A
2025-01-15 10:57:00,177,350.83,103.74,1.45,0.0741,0.946,OK,BATCH-2025-01-15-A
2025-01-15 10:58:00,178,349.67,103.48,1.535,0.073,0.938,OK,BATCH-2025-01-15-A
2025-01-15 10:59:00,179,350.84,108.11,1.598,0.0746,0.979,OK,BATCH-2025-01-15-A
2025-01-15 11:00:00,180,350.12,104.56,1.49,0.0748,0.994,OK,BATCH-2025-01-15-A
2025-01-15 11:01:00,181,350.61,104.35,1.518,0.0761,0.955,OK,BATCH-2025-01-15-A
2025-01-15 11:02:00,182,350.53,104.13,1.425,0.0756,0.993,OK,BATCH-2025-01-15-A
2025-01-15 11:03:00,183,351.05,104.84,,0.0745,0.963,OK,BATCH-2025-01-15-A
2025-01-15 11:04:00,184,350.35,105.94,1.471,0.074,0.974,OK,BATCH-2025-01-15-A
2025-01-15 11:05:00,185,349.14,105.9,1.452,0.0735,0.968,OK,BATCH-2025-01-15-A
2025-01-15 11:06:00,186,349.4,105.65,1.415,0.0727,0.981,OK,BATCH-2025-01-15-A
2025-01-15 11:07:00,187,350.62,104.67,1.589,0.0715,0.984,OK,BATCH-2025-01-15-A
2025-01-15 11:08:00,188,350.0,103.21,1.43,0.0733,0.988,OK,BATCH-2025-01-15-A
2025-01-15 11:09:00,189,350.8,105.34,1.452,0.0726,0.96,OK,BATCH-2025-01-15-A
2025-01-15 11:10:00,190,350.25,106.82,1.514,0.0709,0.944,OK,BATCH-2025-01-15-A
2025-01-15 11:11:00,191,349.61,106.28,1.53,0.0697,0.935,OK,BATCH-2025-01-15-A
2025-01-15 11:12:00,192,350.67,104.8,1.531,0.0706,0.976,OK,BATCH-2025-01-15-A
2025-01-15 11:13:00,193,349.51,105.96,1.524,0.0674,0.99,OK,BATCH-2025-01-15-A
2025-01-15 11:14:00,194,348.73,104.54,1.476,0.0684,0.983,OK,BATCH-2025-01-15-A
2025-01-15 11:15:00,195,351.16,104.93,1.56,0.0697,0.997,OK,BATCH-2025-01-15-A
2025-01-15 11:16:00,196,348.75,103.52,1.534,0.0718,0.944,OK,BATCH-2025-01-15-A
2025-01-15 11:17:00,197,350.25,104.62,1.453,0.0712,0.991,OK,BATCH-2025-01-15-A
2025-01-15 11:18:00,198,350.4,105.17,1.608,0.0702,0.983,OK,BATCH-2025-01-15-A
2025-01-15 11:19:00,199,349.9,104.8,1.513,0.0706,0.938,OK,BATCH-2025-01-15-A
2025-01-15 11:20:00,200,348.77,105.92,1.579,0.071,0.99,OK,BATCH-2025-01-15-A
2025-01-15 11:21:00,201,350.36,107.26,1.461,0.0731,0.999,OK,BATCH-2025-01-15-A
2025-01-15 11:22:00,202,348.86,106.59,1.477,0.0733,0.952,OK,BATCH-2025-01-15-A
2025-01-15 11:23:00,203,348.9,104.63,1.51,0.0728,0.984,OK,BATCH-2025-01-15-A
2025-01-15 11:24:00,204,349.46,104.12,1.506,0.0709,0.977,OK,BATCH-2025-01-15-A
2025-01-15 11:25:00,205,350.13,104.22,1.594,0.0708,0.934,OK,BATCH-2025-01-15-A
2025-01-15 11:26:00,206,349.81,103.83,1.464,0.0711,0.985,OK,BATCH-2025-01-15-A
2025-01-15 11:27:00,207,350.1,105.04,1.556,0.073,0.906,OK,BATCH-2025-01-15-A
2025-01-15 11:28:00,208,349.33,105.51,1.5,0.0733,0.952,OK,BATCH-2025-01-15-A
2025-01-15 11:29:00,209,349.48,105.22,1.579,0.0754,0.958,OK,BATCH-2025-01-15-A
2025-01-15 11:30:00,210,348.88,105.23,1.566,0.0774,0.971,OK,BATCH-2025-01-15-A
2025-01-15 11:31:00,211,,105.19,1.53,0.0763,0.995,OK,BATCH-2025-01-15-A
2025-01-15 11:32:00,212,349.89,104.84,1.672,0.0746,0.969,OK,BATCH-2025-01-15-A
2025-01-15 11:33:00,213,349.35,104.11,1.561,0.0738,0.997,OK,BATCH-2025-01-15-A
2025-01-15 11:34:00,214,349.8,107.07,1.621,,0.997,OK,BATCH-2025-01-15-A
2025-01-15 11:35:00,215,349.17,106.26,1.502,0.0725,0.991,OK,BATCH-2025-01-15-A
2025-01-15 11:36:00,216,349.15,103.91,1.565,0.0737,0.925,OK,BATCH-2025-01-15-A
2025-01-15 11:37:00,217,349.52,103.91,1.578,0.0748,0.904,OK,BATCH-2025-01-15-A
2025-01-15 11:38:00,218,349.38,104.3,1.583,0.0767,0.972,OK,BATCH-2025-01-15-A
2025-01-15 11:39:00,219,349.85,,1.562,0.0772,0.95,OK,BATCH-2025-01-15-A
2025-01-15 11:40:00,220,349.61,106.51,1.541,0.0766,0.967,OK,BATCH-2025-01-15-A
2025-01-15 11:41:00,221,350.55,106.22,1.43,0.0772,0.907,OK,BATCH-2025-01-15-A
2025-01-15 11:42:00,222,349.38,106.28,1.559,0.0759,0.997,OK,BATCH-2025-01-15-A
2025-01-15 11:43:00,223,349.38,106.31,1.545,0.0762,0.986,OK,BATCH-2025-01-15-A
2025-01-15 11:44:00,224,348.9,106.33,1.58,0.0752,0.931,OK,BATCH-2025-01-15-A
2025-01-15 11:45:00,225,349.55,105.88,1.639,0.077,0.884,OK,BATCH-2025-01-15-A
2025-01-15 11:46:00,226,349.95,105.55,1.71,0.0731,0.985,OK,BATCH-2025-01-15-A
2025-01-15 11:47:00,227,349.11,104.86,1.628,0.0745,0.935,OK,BATCH-2025-01-15-A
2025-01-15 11:48:00,228,349.54,102.91,1.655,0.0759,0.944,OK,BATCH-2025-01-15-A
2025-01-15 11:49:00,229,350.02,104.84,1.639,0.0759,0.987,OK,BATCH-2025-01-15-A
2025-01-15 11:50:00,230,349.53,107.16,1.646,0.0765,0.957,OK,BATCH-2025-01-15-A
2025-01-15 11:51:00,231,349.32,104.35,1.642,0.0769,0.979,OK,BATCH-2025-01-15-A
2025-01-15 11:52:00,232,350.23,104.25,1.603,0.0789,0.923,OK,BATCH-2025-01-15-A
2025-01-15 11:53:00,233,349.73,106.22,1.602,0.0814,0.951,OK,BATCH-2025-01-15-A
2025-01-15 11:54:00,234,349.93,105.1,1.638,0.0814,0.893,OK,BATCH-2025-01-15-A
2025-01-15 11:55:00,235,350.42,104.42,1.714,0.0838,0.991,OK,BATCH-2025-01-15-A
2025-01-15 11:56:00,236,350.43,106.87,1.666,0.0828,0.952,OK,BATCH-2025-01-15-A
2025-01-15 11:57:00,237,349.57,105.75,1.71,0.0833,0.946,OK,BATCH-2025-01-15-A
2025-01-15 11:58:00,238,349.49,105.91,1.567,0.0839,0.975,OK,BATCH-2025-01-15-A
2025-01-15 11:59:00,239,350.0,104.32,1.648,0.0819,0.97,OK,BATCH-2025-01-15-A
2025-01-15 12:00:00,240,349.78,105.6,1.657,0.0824,0.971,OK,BATCH-2025-01-15-B
2025-01-15 12:01:00,241,348.76,105.45,1.666,0.0813,0.964,OK,BATCH-2025-01-15-B
2025-01-15 12:02:00,242,350.69,105.93,1.574,0.0825,0.966,OK,BATCH-2025-01-15-B
2025-01-15 12:03:00,243,349.97,106.38,1.553,0.0811,0.951,OK,BATCH-2025-01-15-B
2025-01-15 12:04:00,244,350.44,106.35,1.541,0.0784,0.951,OK,BATCH-2025-01-15-B
2025-01-15 12:05:00,245,349.33,105.2,1.63,0.0765,0.942,OK,BATCH-2025-01-15-B
2025-01-15 12:06:00,246,350.84,105.83,1.77,0.0766,0.932,OK,BATCH-2025-01-15-B
2025-01-15 12:07:00,247,349.75,103.63,1.666,0.0772,0.958,OK,BATCH-2025-01-15-B
2025-01-15 12:08:00,248,350.08,105.77,1.597,0.0777,0.992,OK,BATCH-2025-01-15-B
2025-01-15 12:09:00,249,349.34,105.82,1.676,0.0766,0.894,OK,BATCH-2025-01-15-B
2025-01-15 12:10:00,250,350.11,104.53,1.647,0.0779,0.94,OK,BATCH-2025-01-15-B
2025-01-15 12:11:00,251,350.11,104.07,1.672,0.0771,0.943,OK,BATCH-2025-01-15-B
2025-01-15 12:12:00,252,350.18,104.93,1.643,0.0768,0.981,OK,BATCH-2025-01-15-B
2025-01-15 12:13:00,253,350.59,103.54,1.603,0.0784,0.997,OK,BATCH-2025-01-15-B
2025-01-15 12:14:00,254,350.4,105.41,1.644,0.0781,0.901,OK,BATCH-2025-01-15-B
2025-01-15 12:15:00,255,350.98,105.35,1.708,0.0754,0.998,OK,BATCH-2025-01-15-B
2025-01-15 12:16:00,256,350.15,103.86,1.689,0.0765,0.953,OK,BATCH-2025-01-15-B
2025-01-15 12:17:00,257,349.87,105.06,1.737,0.0766,0.996,OK,BATCH-2025-01-15-B
2025-01-15 12:18:00,258,350.49,106.28,1.624,0.0761,0.972,OK,BATCH-2025-01-15-B
2025-01-15 12:19:00,259,350.92,106.28,1.732,0.0781,0.935,OK,BATCH-2025-01-15-B
2025-01-15 12:20:00,260,351.32,106.21,1.684,0.0772,0.997,OK,BATCH-2025-01-15-B
2025-01-15 12:21:00,261,351.1,104.82,1.693,0.0782,0.973,OK,BATCH-2025-01-15-B
2025-01-15 12:22:00,262,349.58,104.59,1.747,0.0785,0.954,OK,BATCH-2025-01-15-B
2025-01-15 12:23:00,263,350.9,104.53,1.68,0.0824,0.982,OK,BATCH-2025-01-15-B
2025-01-15 12:24:00,264,351.58,105.71,1.701,0.0796,0.946,OK,BATCH-2025-01-15-B
2025-01-15 12:25:00,265,350.77,107.82,,0.0799,0.973,OK,BATCH-2025-01-15-B
2025-01-15 12:26:00,266,350.45,106.69,1.723,0.0805,0.988,OK,BATCH-2025-01-15-B
2025-01-15 12:27:00,267,350.97,96.9,1.733,0.0821,0.961,OK,BATCH-2025-01-15-B
2025-01-15 12:28:00,268,350.51,106.62,1.758,0.0814,0.949,OK,BATCH-2025-01-15-B
2025-01-15 12:29:00,269,351.22,103.06,1.721,0.0804,0.981,OK,BATCH-2025-01-15-B
2025-01-15 12:30:00,270,350.85,104.76,1.673,0.0825,0.971,OK,BATCH-2025-01-15-B
2025-01-15 12:31:00,271,351.72,104.48,1.819,0.0818,0.999,OK,BATCH-2025-01-15-B
2025-01-15 12:32:00,272,351.21,106.5,1.696,0.0822,0.991,OK,BATCH-2025-01-15-B
2025-01-15 12:33:00,273,350.49,107.03,1.717,0.0821,0.991,OK,BATCH-2025-01-15-B
2025-01-15 12:34:00,274,351.3,104.2,1.661,0.0826,0.975,OK,BATCH-2025-01-15-B
2025-01-15 12:35:00,275,351.52,,1.59,0.0805,0.992,OK,BATCH-2025-01-15-B
2025-01-15 12:36:00,276,350.63,105.67,1.661,0.0797,0.961,OK,BATCH-2025-01-15-B
2025-01-15 12:37:00,277,350.73,104.41,1.704,0.0796,0.911,OK,BATCH-2025-01-15-B
2025-01-15 12:38:00,278,349.61,104.25,1.727,0.0798,0.937,OK,BATCH-2025-01-15-B
2025-01-15 12:39:00,279,351.55,104.19,1.703,0.0814,0.974,OK,BATCH-2025-01-15-B
2025-01-15 12:40:00,280,350.66,106.06,1.741,0.0822,0.986,OK,BATCH-2025-01-15-B
2025-01-15 12:41:00,281,349.75,103.91,1.751,0.083,0.954,OK,BATCH-2025-01-15-B
2025-01-15 12:42:00,282,349.96,114.36,1.751,0.0828,0.983,OK,BATCH-2025-01-15-B
2025-01-15 12:43:00,283,350.89,105.1,1.702,0.0847,0.974,OK,BATCH-2025-01-15-B
2025-01-15 12:44:00,284,351.48,105.9,1.706,0.0836,0.964,OK,BATCH-2025-01-15-B
2025-01-15 12:45:00,285,350.97,106.85,1.691,0.0834,0.966,OK,BATCH-2025-01-15-B
2025-01-15 12:46:00,286,351.31,104.2,1.658,0.0811,0.941,OK,BATCH-2025-01-15-B
2025-01-15 12:47:00,287,350.36,104.02,1.772,0.0795,0.994,OK,BATCH-2025-01-15-B
2025-01-15 12:48:00,288,350.21,105.51,1.639,0.0808,0.907,OK,BATCH-2025-01-15-B
2025-01-15 12:49:00,289,351.54,103.76,1.697,0.0807,0.956,OK,BATCH-2025-01-15-B
2025-01-15 12:50:00,290,351.29,104.12,1.711,0.0779,0.984,OK,BATCH-2025-01-15-B
2025-01-15 12:51:00,291,350.96,104.86,1.592,0.0779,0.981,OK,BATCH-2025-01-15-B
2025-01-15 12:52:00,292,351.74,105.19,1.736,0.0776,0.93,OK,BATCH-2025-01-15-B
2025-01-15 12:53:00,293,350.39,103.51,1.68,0.0759,0.992,OK,BATCH-2025-01-15-B
2025-01-15 12:54:00,294,350.69,104.54,1.708,0.0765,0.995,OK,BATCH-2025-01-15-B
2025-01-15 12:55:00,295,351.54,105.7,1.679,0.0761,0.973,OK,BATCH-2025-01-15-B
2025-01-15 12:56:00,296,352.01,106.61,1.618,0.0762,0.993,OK,BATCH-2025-01-15-B
2025-01-15 12:57:00,297,350.89,102.65,1.704,0.0777,0.891,OK,BATCH-2025-01-15-B
2025-01-15 12:58:00,298,351.87,106.56,1.698,0.0768,0.999,OK,BATCH-2025-01-15-B
2025-01-15 12:59:00,299,350.48,106.06,1.741,0.0785,0.905,OK,BATCH-2025-01-15-B
2025-01-15 13:00:00,300,351.01,103.7,1.714,0.0781,0.986,OK,BATCH-2025-01-15-B
2025-01-15 13:01:00,301,350.69,103.24,1.605,0.0777,0.967,OK,BATCH-2025-01-15-B
2025-01-15 13:02:00,302,349.81,105.5,1.743,0.0797,0.971,OK,BATCH-2025-01-15-B
2025-01-15 13:03:00,303,350.89,104.5,1.726,0.0803,0.981,OK,BATCH-2025-01-15-B
2025-01-15 13:04:00,304,351.27,105.16,1.723,0.0796,0.998,OK,BATCH-2025-01-15-B
2025-01-15 13:05:00,305,350.59,106.03,1.707,0.0795,0.896,OK,BATCH-2025-01-15-B
2025-01-15 13:06:00,306,350.61,104.55,1.646,0.0798,0.982,OK,BATCH-2025-01-15-B
2025-01-15 13:07:00,307,351.46,105.19,1.706,0.0776,0.973,OK,BATCH-2025-01-15-B
2025-01-15 13:08:00,308,349.84,105.57,1.66,0.0786,0.944,OK,BATCH-2025-01-15-B
2025-01-15 13:09:00,309,349.66,106.06,1.82,0.0786,0.994,OK,BATCH-2025-01-15-B
2025-01-15 13:10:00,310,350.13,107.11,1.662,0.0767,0.982,OK,BATCH-2025-01-15-B
2025-01-15 13:11:00,311,349.77,107.03,1.617,0.0754,0.95,OK,BATCH-2025-01-15-B
2025-01-15 13:12:00,312,351.27,105.29,1.653,0.0767,0.998,OK,BATCH-2025-01-15-B
2025-01-15 13:13:00,313,350.61,116.72,1.74,0.0749,0.982,OK,BATCH-2025-01-15-B
2025-01-15 13:14:00,314,349.88,107.84,1.637,0.0782,0.963,OK,BATCH-2025-01-15-B
2025-01-15 13:15:00,315,349.99,105.77,1.541,0.0766,0.911,OK,BATCH-2025-01-15-B
2025-01-15 13:16:00,316,,105.51,1.735,0.077,0.993,OK,BATCH-2025-01-15-B
2025-01-15 13:17:00,317,349.93,103.68,1.676,0.0732,0.956,OK,BATCH-2025-01-15-B
2025-01-15 13:18:00,318,349.81,105.93,1.632,0.0732,0.929,OK,BATCH-2025-01-15-B
2025-01-15 13:19:00,319,350.41,104.07,1.69,0.0725,0.98,OK,BATCH-2025-01-15-B
2025-01-15 13:20:00,320,350.58,104.45,1.606,0.0734,0.969,OK,BATCH-2025-01-15-B
2025-01-15 13:21:00,321,350.3,103.41,1.591,0.0738,0.975,OK,BATCH-2025-01-15-B
2025-01-15 13:22:00,322,349.59,104.38,1.695,0.0734,0.953,OK,BATCH-2025-01-15-B
2025-01-15 13:23:00,323,349.41,105.07,1.619,0.0767,0.972,OK,BATCH-2025-01-15-B
2025-01-15 13:24:00,324,350.43,103.21,1.669,0.0779,0.975,OK,BATCH-2025-01-15-B
2025-01-15 13:25:00,325,350.02,103.93,1.64,0.0768,0.993,OK,BATCH-2025-01-15-B
2025-01-15 13:26:00,326,349.04,104.91,1.679,0.0774,0.977,OK,BATCH-2025-01-15-B
2025-01-15 13:27:00,327,350.7,103.49,1.64,0.0731,0.979,OK,BATCH-2025-01-15-B
2025-01-15 13:28:00,328,350.43,103.51,1.529,0.0723,0.969,OK,BATCH-2025-01-15-B
2025-01-15 13:29:00,329,349.8,104.01,1.663,0.0743,0.99,OK,BATCH-2025-01-15-B
2025-01-15 13:30:00,330,349.77,103.32,1.603,0.0735,0.937,OK,BATCH-2025-01-15-B
2025-01-15 13:31:00,331,350.04,105.73,1.668,0.0738,0.954,OK,BATCH-2025-01-15-B
2025-01-15 13:32:00,332,349.47,103.81,1.627,0.0721,0.97,OK,BATCH-2025-01-15-B
2025-01-15 13:33:00,333,349.05,105.92,1.689,0.0734,0.953,OK,BATCH-2025-01-15-B
2025-01-15 13:34:00,334,350.04,106.11,1.6,0.0737,0.997,OK,BATCH-2025-01-15-B
2025-01-15 13:35:00,335,348.96,103.57,1.51,0.0737,0.95,OK,BATCH-2025-01-15-B
2025-01-15 13:36:00,336,350.05,105.05,1.594,0.0752,0.984,OK,BATCH-2025-01-15-B
2025-01-15 13:37:00,337,348.93,104.43,1.633,0.0777,0.985,OK,BATCH-2025-01-15-B
2025-01-15 13:38:00,338,349.73,103.64,1.587,0.0789,0.891,OK,BATCH-2025-01-15-B
2025-01-15 13:39:00,339,,104.6,1.578,0.0762,0.993,OK,BATCH-2025-01-15-B
2025-01-15 13:40:00,340,350.84,104.71,1.673,0.0769,0.976,OK,BATCH-2025-01-15-B
2025-01-15 13:41:00,341,349.12,105.85,1.588,0.0772,0.97,OK,BATCH-2025-01-15-B
2025-01-15 13:42:00,342,348.91,106.23,1.646,0.0755,0.922,OK,BATCH-2025-01-15-B
2025-01-15 13:43:00,343,349.36,103.68,1.598,0.0731,0.978,OK,BATCH-2025-01-15-B
2025-01-15 13:44:00,344,349.08,104.51,1.515,0.0726,0.995,OK,BATCH-2025-01-15-B
2025-01-15 13:45:00,345,349.4,105.63,1.538,0.0722,0.914,OK,BATCH-2025-01-15-B
2025-01-15 13:46:00,346,350.0,106.41,1.567,0.0722,0.972,OK,BATCH-2025-01-15-B
2025-01-15 13:47:00,347,350.22,102.08,1.595,0.0711,0.992,OK,BATCH-2025-01-15-B
2025-01-15 13:48:00,348,350.76,106.53,1.536,0.0715,0.981,OK,BATCH-2025-01-15-B
2025-01-15 13:49:00,349,349.33,104.8,1.503,0.072,0.995,OK,BATCH-2025-01-15-B
2025-01-15 13:50:00,350,351.36,106.83,1.521,0.0716,0.914,OK,BATCH-2025-01-15-B
2025-01-15 13:51:00,351,350.98,104.49,1.543,0.0723,0.935,OK,BATCH-2025-01-15-B
2025-01-15 13:52:00,352,349.68,104.01,1.522,0.0715,0.969,OK,BATCH-2025-01-15-B
2025-01-15 13:53:00,353,348.44,105.05,1.534,0.0692,0.989,OK,BATCH-2025-01-15-B
2025-01-15 13:54:00,354,349.78,106.4,1.654,0.0693,0.982,OK,BATCH-2025-01-15-B
2025-01-15 13:55:00,355,349.89,105.04,1.572,0.0708,0.975,OK,BATCH-2025-01-15-B
2025-01-15 13:56:00,356,348.49,102.18,1.515,0.0749,0.982,OK,BATCH-2025-01-15-B
2025-01-15 13:57:00,357,349.93,105.82,,,0.979,OK,BATCH-2025-01-15-B
2025-01-15 13:58:00,358,349.79,103.07,1.63,0.0711,0.992,OK,BATCH-2025-01-15-B
2025-01-15 13:59:00,359,349.46,103.83,1.581,0.0698,0.983,OK,BATCH-2025-01-15-B
2025-01-15 14:00:00,360,350.33,93.61,1.541,0.0703,0.979,OK,BATCH-2025-01-15-B
2025-01-15 14:01:00,361,350.58,102.8,1.476,0.0691,0.984,OK,BATCH-2025-01-15-B
2025-01-15 14:02:00,362,349.72,103.5,1.457,0.0694,0.979,OK,BATCH-2025-01-15-B
2025-01-15 14:03:00,363,350.17,103.82,1.522,0.071,0.982,OK,BATCH-2025-01-15-B
2025-01-15 14:04:00,364,349.67,104.27,1.532,0.07,0.938,OK,BATCH-2025-01-15-B
2025-01-15 14:05:00,365,349.62,104.94,1.454,0.07,0.954,OK,BATCH-2025-01-15-B
2025-01-15 14:06:00,366,350.17,104.6,1.466,0.0726,0.982,OK,BATCH-2025-01-15-B
2025-01-15 14:07:00,367,350.47,103.22,1.529,0.0739,0.962,OK,BATCH-2025-01-15-B
2025-01-15 14:08:00,368,349.85,104.78,1.418,0.0716,0.997,OK,BATCH-2025-01-15-B
2025-01-15 14:09:00,369,348.9,106.17,1.441,0.0747,0.838,OK,BATCH-2025-01-15-B
2025-01-15 14:10:00,370,350.61,106.14,1.523,0.0737,0.929,OK,BATCH-2025-01-15-B
2025-01-15 14:11:00,371,349.34,105.16,1.552,0.0742,0.98,OK,BATCH-2025-01-15-B
2025-01-15 14:12:00,372,350.4,105.74,1.538,0.0737,0.92,OK,BATCH-2025-01-15-B
2025-01-15 14:13:00,373,351.43,106.07,1.57,0.073,0.942,OK,BATCH-2025-01-15-B
2025-01-15 14:14:00,374,350.39,106.63,1.598,0.072,0.99,OK,BATCH-2025-01-15-B
2025-01-15 14:15:00,375,349.73,107.04,1.562,0.0731,0.983,OK,BATCH-2025-01-15-B
2025-01-15 14:16:00,376,349.6,104.62,1.503,0.072,0.979,OK,BATCH-2025-01-15-B
2025-01-15 14:17:00,377,351.22,104.67,1.621,0.0702,0.918,OK,BATCH-2025-01-15-B
2025-01-15 14:18:00,378,350.54,106.77,1.597,0.0694,0.988,OK,BATCH-2025-01-15-B
2025-01-15 14:19:00,379,350.91,106.87,1.559,0.0696,0.956,OK,BATCH-2025-01-15-B
2025-01-15 14:20:00,380,351.18,106.85,1.47,0.0667,0.954,OK,BATCH-2025-01-15-B
2025-01-15 14:21:00,381,350.63,102.19,1.53,0.0681,0.96,OK,BATCH-2025-01-15-B
2025-01-15 14:22:00,382,350.51,104.74,1.404,0.0672,0.905,OK,BATCH-2025-01-15-B
2025-01-15 14:23:00,383,350.16,101.09,1.491,0.0684,0.97,OK,BATCH-2025-01-15-B
2025-01-15 14:24:00,384,348.92,105.88,1.382,0.0707,0.951,OK,BATCH-2025-01-15-B
2025-01-15 14:25:00,385,349.89,105.07,1.485,0.0712,0.956,OK,BATCH-2025-01-15-B
2025-01-15 14:26:00,386,350.79,105.06,1.557,0.0721,0.941,OK,BATCH-2025-01-15-B
2025-01-15 14:27:00,387,350.76,104.83,1.506,0.0716,1.0,OK,BATCH-2025-01-15-B
2025-01-15 14:28:00,388,351.14,106.56,1.585,0.0706,0.957,OK,BATCH-2025-01-15-B
2025-01-15 14:29:00,389,350.86,104.65,1.504,0.0679,0.983,OK,BATCH-2025-01-15-B
2025-01-15 14:30:00,390,351.06,106.24,1.509,0.0678,0.95,OK,BATCH-2025-01-15-B
2025-01-15 14:31:00,391,351.47,105.66,1.488,0.0672,0.991,OK,BATCH-2025-01-15-B
2025-01-15 14:32:00,392,350.49,105.43,1.529,0.0638,0.967,OK,BATCH-2025-01-15-B
2025-01-15 14:33:00,393,350.88,105.56,1.501,0.0645,0.975,OK,BATCH-2025-01-15-B
2025-01-15 14:34:00,394,350.11,105.13,1.563,0.067,0.954,OK,BATCH-2025-01-15-B
2025-01-15 14:35:00,395,351.68,103.69,1.583,0.0678,0.89,OK,BATCH-2025-01-15-B
2025-01-15 14:36:00,396,351.14,105.86,1.521,0.0697,0.988,OK,BATCH-2025-01-15-B
2025-01-15 14:37:00,397,351.44,105.86,1.446,0.0694,0.929,OK,BATCH-2025-01-15-B
2025-01-15 14:38:00,398,352.09,104.83,1.531,0.0681,0.985,OK,BATCH-2025-01-15-B
2025-01-15 14:39:00,399,351.83,105.88,1.571,0.0683,0.874,OK,BATCH-2025-01-15-B
2025-01-15 14:40:00,400,351.16,106.08,1.536,0.068,0.968,OK,BATCH-2025-01-15-B
2025-01-15 14:41:00,401,351.69,103.46,1.519,0.0664,0.999,OK,BATCH-2025-01-15-B
2025-01-15 14:42:00,402,350.37,104.83,1.552,0.0682,0.887,OK,BATCH-2025-01-15-B
2025-01-15 14:43:00,403,351.5,104.47,,0.0686,0.989,OK,BATCH-2025-01-15-B
2025-01-15 14:44:00,404,351.33,103.91,1.375,0.0678,0.981,OK,BATCH-2025-01-15-B
2025-01-15 14:45:00,405,350.29,105.39,1.582,0.0683,0.962,OK,BATCH-2025-01-15-B
2025-01-15 14:46:00,406,352.07,103.99,1.546,0.0682,0.988,OK,BATCH-2025-01-15-B
2025-01-15 14:47:00,407,350.85,104.48,1.532,0.0693,0.972,OK,BATCH-2025-01-15-B
2025-01-15 14:48:00,408,351.69,105.29,1.481,0.0719,0.934,OK,BATCH-2025-01-15-B
2025-01-15 14:49:00,409,351.03,105.42,1.521,0.071,0.973,OK,BATCH-2025-01-15-B
2025-01-15 14:50:00,410,351.87,105.39,1.542,0.0694,0.925,OK,BATCH-2025-01-15-B
2025-01-15 14:51:00,411,352.06,107.68,1.438,0.0716,0.949,OK,BATCH-2025-01-15-B
2025-01-15 14:52:00,412,350.77,104.4,1.551,0.0753,0.956,OK,BATCH-2025-01-15-B
2025-01-15 14:53:00,413,350.35,105.3,1.518,0.0744,0.979,OK,BATCH-2025-01-15-B
2025-01-15 14:54:00,414,351.18,103.55,1.59,0.0731,0.982,OK,BATCH-2025-01-15-B
2025-01-15 14:55:00,415,351.76,105.58,1.551,0.0714,0.983,OK,BATCH-2025-01-15-B
2025-01-15 14:56:00,416,351.02,106.38,1.51,0.0715,0.977,OK,BATCH-2025-01-15-B
2025-01-15 14:57:00,417,350.86,106.46,1.523,0.0718,0.993,OK,BATCH-2025-01-15-B
2025-01-15 14:58:00,418,351.51,104.24,1.554,0.0715,0.964,OK,BATCH-2025-01-15-B
2025-01-15 14:59:00,419,349.55,104.66,1.531,0.0729,0.929,OK,BATCH-2025-01-15-B
2025-01-15 15:00:00,420,350.79,106.51,1.553,0.0717,0.934,OK,BATCH-2025-01-15-B
2025-01-15 15:01:00,421,350.34,104.89,1.492,0.0709,0.996,OK,BATCH-2025-01-15-B
2025-01-15 15:02:00,422,351.33,106.15,1.467,0.0692,0.951,OK,BATCH-2025-01-15-B
2025-01-15 15:03:00,423,350.69,103.83,1.503,0.0714,0.972,OK,BATCH-2025-01-15-B
2025-01-15 15:04:00,424,350.44,106.66,1.462,0.0732,0.966,OK,BATCH-2025-01-15-B
2025-01-15 15:05:00,425,350.87,106.23,1.496,0.0752,0.959,OK,BATCH-2025-01-15-B
2025-01-15 15:06:00,426,350.18,105.56,1.555,0.074,0.955,OK,BATCH-2025-01-15-B
2025-01-15 15:07:00,427,351.02,104.04,1.458,0.0761,0.986,OK,BATCH-2025-01-15-B
2025-01-15 15:08:00,428,350.6,104.81,1.48,0.0765,0.983,OK,BATCH-2025-01-15-B
2025-01-15 15:09:00,429,350.75,105.18,1.581,0.0776,0.977,OK,BATCH-2025-01-15-B
2025-01-15 15:10:00,430,350.52,105.32,1.52,0.0785,0.957,OK,BATCH-2025-01-15-B
2025-01-15 15:11:00,431,351.47,104.87,1.548,0.078,0.983,OK,BATCH-2025-01-15-B
2025-01-15 15:12:00,432,350.83,104.74,1.489,0.0778,0.905,OK,BATCH-2025-01-15-B
2025-01-15 15:13:00,433,351.17,105.23,1.501,0.0755,0.986,OK,BATCH-2025-01-15-B
2025-01-15 15:14:00,434,351.12,106.67,1.54,0.0747,0.983,OK,BATCH-2025-01-15-B
2025-01-15 15:15:00,435,350.31,102.59,1.64,0.0744,0.873,OK,BATCH-2025-01-15-B
2025-01-15 15:16:00,436,351.11,103.35,1.583,0.0728,0.983,OK,BATCH-2025-01-15-B
2025-01-15 15:17:00,437,350.94,103.15,1.479,0.073,0.972,OK,BATCH-2025-01-15-B
2025-01-15 15:18:00,438,350.89,104.18,1.588,0.075,0.955,OK,BATCH-2025-01-15-B
2025-01-15 15:19:00,439,350.43,102.91,1.614,0.0744,0.968,OK,BATCH-2025-01-15-B
2025-01-15 15:20:00,440,350.38,105.66,1.605,0.073,0.985,OK,BATCH-2025-01-15-B
2025-01-15 15:21:00,441,351.07,105.11,1.512,0.0718,0.95,OK,BATCH-2025-01-15-B
2025-01-15 15:22:00,442,351.88,104.7,1.573,0.0722,0.973,OK,BATCH-2025-01-15-B
2025-01-15 15:23:00,443,350.04,104.18,1.685,0.075,0.932,OK,BATCH-2025-01-15-B
2025-01-15 15:24:00,444,350.82,105.19,1.535,0.0753,0.964,OK,BATCH-2025-01-15-B
2025-01-15 15:25:00,445,350.25,105.21,1.601,,0.957,OK,BATCH-2025-01-15-B
2025-01-15 15:26:00,446,350.91,105.4,1.55,0.0736,0.937,OK,BATCH-2025-01-15-B
2025-01-15 15:27:00,447,350.67,104.13,1.526,0.0742,0.986,OK,BATCH-2025-01-15-B
2025-01-15 15:28:00,448,351.01,105.78,1.571,0.0752,0.946,OK,BATCH-2025-01-15-B
2025-01-15 15:29:00,449,348.67,103.24,1.647,0.0747,0.985,OK,BATCH-2025-01-15-B
2025-01-15 15:30:00,450,,106.5,1.656,0.0747,0.957,OK,BATCH-2025-01-15-B
2025-01-15 15:31:00,451,349.7,101.31,1.557,0.0738,0.997,OK,BATCH-2025-01-15-B
2025-01-15 15:32:00,452,350.2,104.29,1.58,0.075,0.972,OK,BATCH-2025-01-15-B
2025-01-15 15:33:00,453,349.8,103.56,1.562,0.0771,0.976,OK,BATCH-2025-01-15-B
2025-01-15 15:34:00,454,349.83,105.95,1.505,0.0777,0.988,OK,BATCH-2025-01-15-B
2025-01-15 15:35:00,455,350.6,103.22,1.642,0.0784,0.988,OK,BATCH-2025-01-15-B
2025-01-15 15:36:00,456,351.31,107.19,1.693,0.0785,0.879,OK,BATCH-2025-01-15-B
2025-01-15 15:37:00,457,348.45,103.15,1.693,0.0776,0.913,OK,BATCH-2025-01-15-B
2025-01-15 15:38:00,458,349.94,107.43,1.597,0.0764,0.996,OK,BATCH-2025-01-15-B
2025-01-15 15:39:00,459,350.29,105.54,1.69,0.0759,0.965,OK,BATCH-2025-01-15-B
2025-01-15 15:40:00,460,350.09,105.04,1.68,0.0761,0.971,OK,BATCH-2025-01-15-B
2025-01-15 15:41:00,461,,105.52,1.612,0.0761,0.996,OK,BATCH-2025-01-15-B
2025-01-15 15:42:00,462,349.25,107.63,1.631,0.0777,0.952,OK,BATCH-2025-01-15-B
2025-01-15 15:43:00,463,349.48,106.07,1.616,0.0788,0.938,OK,BATCH-2025-01-15-B
2025-01-15 15:44:00,464,350.47,102.32,1.649,0.081,0.989,OK,BATCH-2025-01-15-B
2025-01-15 15:45:00,465,350.67,106.43,1.73,0.0821,1.0,OK,BATCH-2025-01-15-B
2025-01-15 15:46:00,466,350.07,105.28,1.596,0.0817,0.979,OK,BATCH-2025-01-15-B
2025-01-15 15:47:00,467,349.51,103.06,1.585,0.0818,0.942,OK,BATCH-2025-01-15-B
2025-01-15 15:48:00,468,350.06,105.91,1.691,0.0793,0.993,OK,BATCH-2025-01-15-B
2025-01-15 15:49:00,469,349.86,103.55,1.653,0.0818,1.0,OK,BATCH-2025-01-15-B
2025-01-15 15:50:00,470,350.33,105.22,1.558,0.0809,0.991,OK,BATCH-2025-01-15-B
2025-01-15 15:51:00,471,350.07,105.28,1.604,0.0802,0.997,OK,BATCH-2025-01-15-B
2025-01-15 15:52:00,472,349.63,104.22,1.616,0.0829,0.985,OK,BATCH-2025-01-15-B
2025-01-15 15:53:00,473,350.12,105.78,1.629,0.0812,0.972,OK,BATCH-2025-01-15-B
2025-01-15 15:54:00,474,349.31,103.77,1.678,0.0802,0.978,OK,BATCH-2025-01-15-B
2025-01-15 15:55:00,475,350.51,105.23,1.714,0.0801,0.914,OK,BATCH-2025-01-15-B
2025-01-15 15:56:00,476,350.74,104.34,1.658,0.0792,0.931,OK,BATCH-2025-01-15-B
2025-01-15 15:57:00,477,349.34,104.78,1.676,0.0794,0.999,OK,BATCH-2025-01-15-B
2025-01-15 15:58:00,478,350.31,107.31,1.633,0.0797,0.944,OK,BATCH-2025-01-15-B
2025-01-15 15:59:00,479,349.48,105.13,1.723,0.0806,0.967,OK,BATCH-2025-01-15-B
2025-01-15 16:00:00,480,350.73,103.7,1.742,0.0805,0.974,OK,BATCH-2025-01-15-C
2025-01-15 16:01:00,481,350.65,104.86,1.663,0.0815,0.926,OK,BATCH-2025-01-15-C
2025-01-15 16:02:00,482,349.98,104.08,1.641,0.0809,0.932,OK,BATCH-2025-01-15-C
2025-01-15 16:03:00,483,,105.03,1.784,0.0818,0.982,OK,BATCH-2025-01-15-C
2025-01-15 16:04:00,484,349.91,105.19,1.728,0.0835,0.926,OK,BATCH-2025-01-15-C
2025-01-15 16:05:00,485,349.8,105.1,1.639,0.0808,0.998,OK,BATCH-2025-01-15-C
2025-01-15 16:06:00,486,349.87,105.1,1.601,0.0805,0.963,OK,BATCH-2025-01-15-C
2025-01-15 16:07:00,487,350.16,104.35,1.672,0.0807,0.966,OK,BATCH-2025-01-15-C
2025-01-15 16:08:00,488,350.07,105.54,1.748,0.0779,0.979,OK,BATCH-2025-01-15-C
2025-01-15 16:09:00,489,350.39,106.27,1.663,0.0733,0.958,OK,BATCH-2025-01-15-C
2025-01-15 16:10:00,490,349.96,104.26,1.679,0.0739,0.96,OK,BATCH-2025-01-15-C
2025-01-15 16:11:00,491,350.82,104.93,1.668,0.073,0.986,OK,BATCH-2025-01-15-C
2025-01-15 16:12:00,492,351.0,105.07,1.727,0.0743,0.9,OK,BATCH-2025-01-15-C
2025-01-15 16:13:00,493,350.12,106.5,1.765,0.0744,0.993,OK,BATCH-2025-01-15-C
2025-01-15 16:14:00,494,349.6,106.3,1.633,0.0745,0.98,OK,BATCH-2025-01-15-C
2025-01-15 16:15:00,495,350.92,104.12,1.683,0.0741,0.951,OK,BATCH-2025-01-15-C
2025-01-15 16:16:00,496,351.21,105.09,1.688,0.0743,0.935,OK,BATCH-2025-01-15-C
2025-01-15 16:17:00,497,350.46,103.21,1.668,0.0731,0.958,OK,BATCH-2025-01-15-C
2025-01-15 16:18:00,498,349.82,103.84,1.64,0.0724,0.966,OK,BATCH-2025-01-15-C
2025-01-15 16:19:00,499,350.79,105.02,1.742,0.0737,0.973,OK,BATCH-2025-01-15-C
2025-01-15 16:20:00,500,351.58,105.76,1.709,0.0735,0.957,OK,BATCH-2025-01-15-C
2025-01-15 16:21:00,501,349.58,106.15,1.738,0.0743,0.935,OK,BATCH-2025-01-15-C
2025-01-15 16:22:00,502,351.03,104.63,1.778,0.0744,0.987,OK,BATCH-2025-01-15-C
2025-01-15 16:23:00,503,350.59,103.38,1.685,0.074,0.978,OK,BATCH-2025-01-15-C
2025-01-15 16:24:00,504,350.3,105.48,1.731,0.0727,0.996,OK,BATCH-2025-01-15-C
2025-01-15 16:25:00,505,351.15,104.79,1.684,0.0741,0.955,OK,BATCH-2025-01-15-C
2025-01-15 16:26:00,506,350.11,105.51,1.7,0.0729,0.958,OK,BATCH-2025-01-15-C
2025-01-15 16:27:00,507,351.1,105.19,1.721,0.0736,0.986,OK,BATCH-2025-01-15-C
2025-01-15 16:28:00,508,351.75,105.86,1.696,0.0714,0.999,OK,BATCH-2025-01-15-C
2025-01-15 16:29:00,509,351.1,105.79,1.629,0.072,0.957,OK,BATCH-2025-01-15-C
2025-01-15 16:30:00,510,350.51,106.01,1.78,0.0727,0.999,OK,BATCH-2025-01-15-C
2025-01-15 16:31:00,511,350.0,104.45,1.712,0.0719,0.99,OK,BATCH-2025-01-15-C
2025-01-15 16:32:00,512,350.33,106.19,1.646,0.0696,0.949,OK,BATCH-2025-01-15-C
2025-01-15 16:33:00,513,350.03,104.4,1.593,0.0696,0.969,OK,BATCH-2025-01-15-C
2025-01-15 16:34:00,514,352.12,105.1,1.702,0.0699,0.975,OK,BATCH-2025-01-15-C
2025-01-15 16:35:00,515,351.05,107.23,1.735,0.0693,0.951,OK,BATCH-2025-01-15-C
2025-01-15 16:36:00,516,350.6,105.43,1.753,0.0685,0.97,OK,BATCH-2025-01-15-C
2025-01-15 16:37:00,517,350.48,103.6,1.757,0.0701,0.936,OK,BATCH-2025-01-15-C
2025-01-15 16:38:00,518,350.64,106.79,1.682,0.0701,0.99,OK,BATCH-2025-01-15-C
2025-01-15 16:39:00,519,351.11,106.2,1.732,0.0696,0.977,OK,BATCH-2025-01-15-C
2025-01-15 16:40:00,520,350.56,106.37,1.622,0.0711,0.98,OK,BATCH-2025-01-15-C
2025-01-15 16:41:00,521,352.36,105.24,1.706,0.0712,0.95,OK,BATCH-2025-01-15-C
2025-01-15 16:42:00,522,350.93,105.41,1.743,0.0703,0.917,OK,BATCH-2025-01-15-C
2025-01-15 16:43:00,523,350.93,104.72,1.666,0.0718,0.987,OK,BATCH-2025-01-15-C
2025-01-15 16:44:00,524,351.61,104.16,1.687,0.0714,0.931,OK,BATCH-2025-01-15-C
2025-01-15 16:45:00,525,352.31,106.84,1.699,0.073,0.948,OK,BATCH-2025-01-15-C
2025-01-15 16:46:00,526,352.25,104.56,1.699,0.0721,0.976,OK,BATCH-2025-01-15-C
2025-01-15 16:47:00,527,351.18,104.42,1.766,0.0727,0.974,OK,BATCH-2025-01-15-C
2025-01-15 16:48:00,528,351.64,104.47,1.636,0.0747,0.978,OK,BATCH-2025-01-15-C
2025-01-15 16:49:00,529,351.59,107.23,1.755,0.0754,0.957,OK,BATCH-2025-01-15-C
2025-01-15 16:50:00,530,351.82,106.05,1.624,0.0763,0.951,OK,BATCH-2025-01-15-C
2025-01-15 16:51:00,531,351.67,104.56,1.652,0.077,0.973,OK,BATCH-2025-01-15-C
2025-01-15 16:52:00,532,350.95,104.95,1.645,0.0783,0.956,OK,BATCH-2025-01-15-C
2025-01-15 16:53:00,533,350.77,105.61,1.677,0.0785,0.947,OK,BATCH-2025-01-15-C
2025-01-15 16:54:00,534,351.63,106.05,1.655,0.0791,0.942,OK,BATCH-2025-01-15-C
2025-01-15 16:55:00,535,350.82,103.07,1.702,0.0788,0.911,OK,BATCH-2025-01-15-C
2025-01-15 16:56:00,536,352.35,106.08,1.677,0.0817,0.973,OK,BATCH-2025-01-15-C
2025-01-15 16:57:00,537,351.55,104.74,1.784,0.0803,0.984,OK,BATCH-2025-01-15-C
2025-01-15 16:58:00,538,350.91,104.18,1.691,0.0815,0.963,OK,BATCH-2025-01-15-C
2025-01-15 16:59:00,539,351.32,104.53,1.657,0.08,0.95,OK,BATCH-2025-01-15-C
2025-01-15 17:00:00,540,351.21,105.95,1.687,0.0808,0.978,OK,BATCH-2025-01-15-C
2025-01-15 17:01:00,541,351.42,107.11,1.696,0.0827,0.997,OK,BATCH-2025-01-15-C
2025-01-15 17:02:00,542,352.06,105.18,1.654,0.0811,0.943,OK,BATCH-2025-01-15-C
2025-01-15 17:03:00,543,350.61,105.67,1.606,0.0836,0.905,OK,BATCH-2025-01-15-C
2025-01-15 17:04:00,544,350.34,104.02,1.619,0.0821,0.956,OK,BATCH-2025-01-15-C
2025-01-15 17:05:00,545,351.65,105.59,1.665,0.0808,0.961,OK,BATCH-2025-01-15-C
2025-01-15 17:06:00,546,351.32,105.99,1.696,0.0813,0.957,OK,BATCH-2025-01-15-C
2025-01-15 17:07:00,547,351.51,103.21,1.676,0.0796,0.902,OK,BATCH-2025-01-15-C
2025-01-15 17:08:00,548,351.66,104.38,1.645,0.0811,0.928,OK,BATCH-2025-01-15-C
2025-01-15 17:09:00,549,351.26,105.95,1.675,0.0818,0.979,OK,BATCH-2025-01-15-C
2025-01-15 17:10:00,550,,102.89,1.62,0.0777,0.984,OK,BATCH-2025-01-15-C
2025-01-15 17:11:00,551,350.79,104.55,1.655,0.0756,0.974,OK,BATCH-2025-01-15-C
2025-01-15 17:12:00,552,351.34,105.72,1.71,0.0746,0.988,OK,BATCH-2025-01-15-C
2025-01-15 17:13:00,553,350.78,102.97,1.692,0.0753,0.996,OK,BATCH-2025-01-15-C
2025-01-15 17:14:00,554,350.57,104.52,1.702,0.0738,0.996,OK,BATCH-2025-01-15-C
2025-01-15 17:15:00,555,351.59,105.07,1.613,0.0728,0.944,OK,BATCH-2025-01-15-C
2025-01-15 17:16:00,556,351.53,106.07,1.639,0.0739,0.962,OK,BATCH-2025-01-15-C
2025-01-15 17:17:00,557,350.0,103.47,1.575,0.0725,0.991,OK,BATCH-2025-01-15-C
2025-01-15 17:18:00,558,350.46,106.33,1.669,0.0731,0.937,OK,BATCH-2025-01-15-C
2025-01-15 17:19:00,559,351.28,105.37,1.599,0.0712,0.945,OK,BATCH-2025-01-15-C
2025-01-15 17:20:00,560,351.71,106.44,1.551,0.0728,0.966,OK,BATCH-2025-01-15-C
2025-01-15 17:21:00,561,350.64,106.4,1.59,0.075,0.953,OK,BATCH-2025-01-15-C
2025-01-15 17:22:00,562,350.9,105.41,1.625,,0.995,OK,BATCH-2025-01-15-C
2025-01-15 17:23:00,563,350.12,105.58,1.499,0.07,0.994,OK,BATCH-2025-01-15-C
2025-01-15 17:24:00,564,352.45,102.91,1.535,0.0677,0.939,OK,BATCH-2025-01-15-C
2025-01-15 17:25:00,565,351.19,103.38,1.653,0.0693,0.985,OK,BATCH-2025-01-15-C
2025-01-15 17:26:00,566,351.41,103.79,1.606,0.0687,0.936,OK,BATCH-2025-01-15-C
2025-01-15 17:27:00,567,351.24,104.58,1.596,0.0704,0.874,OK,BATCH-2025-01-15-C
2025-01-15 17:28:00,568,351.37,106.12,1.515,0.0686,0.919,OK,BATCH-2025-01-15-C
2025-01-15 17:29:00,569,351.14,102.86,1.672,0.0674,0.961,OK,BATCH-2025-01-15-C
2025-01-15 17:30:00,570,350.54,104.62,1.641,0.0674,0.977,OK,BATCH-2025-01-15-C
2025-01-15 17:31:00,571,351.16,103.41,1.622,0.0692,0.961,OK,BATCH-2025-01-15-C
2025-01-15 17:32:00,572,350.73,103.13,1.528,0.0691,0.992,OK,BATCH-2025-01-15-C
2025-01-15 17:33:00,573,351.43,106.77,1.61,0.0677,0.961,OK,BATCH-2025-01-15-C
2025-01-15 17:34:00,574,350.18,105.12,1.636,0.0684,0.991,OK,BATCH-2025-01-15-C
2025-01-15 17:35:00,575,350.26,106.96,1.56,0.0687,0.916,OK,BATCH-2025-01-15-C
2025-01-15 17:36:00,576,350.96,106.42,1.561,0.0696,0.998,OK,BATCH-2025-01-15-C
2025-01-15 17:37:00,577,351.3,103.89,1.547,0.0695,0.969,OK,BATCH-2025-01-15-C
2025-01-15 17:38:00,578,350.59,102.77,1.598,0.0688,0.97,OK,BATCH-2025-01-15-C
2025-01-15 17:39:00,579,350.05,107.48,1.554,0.069,0.976,OK,BATCH-2025-01-15-C
2025-01-15 17:40:00,580,350.38,104.51,1.547,0.0655,0.981,OK,BATCH-2025-01-15-C
2025-01-15 17:41:00,581,350.13,103.63,1.488,0.0662,0.976,OK,BATCH-2025-01-15-C
2025-01-15 17:42:00,582,351.55,105.83,1.475,0.0682,0.922,OK,BATCH-2025-01-15-C
2025-01-15 17:43:00,583,350.93,105.16,1.602,0.0692,0.998,OK,BATCH-2025-01-15-C
2025-01-15 17:44:00,584,351.13,104.19,1.632,0.068,0.939,OK,BATCH-2025-01-15-C
2025-01-15 17:45:00,585,350.53,104.58,1.594,0.0659,0.971,OK,BATCH-2025-01-15-C
2025-01-15 17:46:00,586,350.0,105.19,1.619,0.0681,0.935,OK,BATCH-2025-01-15-C
2025-01-15 17:47:00,587,351.02,105.09,1.519,0.0675,0.977,OK,BATCH-2025-01-15-C
2025-01-15 17:48:00,588,351.3,105.91,1.541,0.0674,0.999,OK,BATCH-2025-01-15-C
2025-01-15 17:49:00,589,350.64,104.58,1.56,0.068,0.949,OK,BATCH-2025-01-15-C
2025-01-15 17:50:00,590,350.27,104.59,1.531,0.0673,0.983,OK,BATCH-2025-01-15-C
2025-01-15 17:51:00,591,350.92,105.72,1.621,0.0676,0.955,OK,BATCH-2025-01-15-C
2025-01-15 17:52:00,592,350.04,105.38,1.469,0.07,0.978,OK,BATCH-2025-01-15-C
2025-01-15 17:53:00,593,,106.31,1.505,0.0694,0.973,OK,BATCH-2025-01-15-C
2025-01-15 17:54:00,594,349.83,104.7,1.514,0.0724,0.964,OK,BATCH-2025-01-15-C
2025-01-15 17:55:00,595,349.67,104.88,1.494,0.0731,0.981,OK,BATCH-2025-01-15-C
2025-01-15 17:56:00,596,350.59,103.61,1.57,0.0737,0.974,OK,BATCH-2025-01-15-C
2025-01-15 17:57:00,597,350.46,106.8,1.426,0.0752,0.991,OK,BATCH-2025-01-15-C
2025-01-15 17:58:00,598,351.4,103.33,1.581,0.0766,0.913,OK,BATCH-2025-01-15-C
2025-01-15 17:59:00,599,350.09,105.24,1.568,0.0782,0.948,OK,BATCH-2025-01-15-C
2025-01-15 18:00:00,600,350.01,103.93,1.537,0.079,0.952,OK,BATCH-2025-01-15-C
2025-01-15 18:01:00,601,349.02,105.4,1.589,0.0781,0.993,OK,BATCH-2025-01-15-C
2025-01-15 18:02:00,602,348.28,105.89,1.635,0.0805,0.97,OK,BATCH-2025-01-15-C
2025-01-15 18:03:00,603,348.03,103.03,1.526,0.0803,0.981,OK,BATCH-2025-01-15-C
2025-01-15 18:04:00,604,349.08,104.75,1.552,0.079,0.986,OK,BATCH-2025-01-15-C
2025-01-15 18:05:00,605,347.79,102.89,1.534,0.0803,0.992,OK,BATCH-2025-01-15-C
2025-01-15 18:06:00,606,348.88,,1.539,0.0812,1.0,OK,BATCH-2025-01-15-C
2025-01-15 18:07:00,607,348.75,104.47,1.487,0.0811,0.968,OK,BATCH-2025-01-15-C
2025-01-15 18:08:00,608,347.43,103.11,1.475,0.0812,0.978,OK,BATCH-2025-01-15-C
2025-01-15 18:09:00,609,348.3,104.16,1.541,0.082,0.931,OK,BATCH-2025-01-15-C
2025-01-15 18:10:00,610,347.14,106.57,1.483,0.0847,0.978,OK,BATCH-2025-01-15-C
2025-01-15 18:11:00,611,347.37,106.79,1.555,0.0845,0.938,OK,BATCH-2025-01-15-C
2025-01-15 18:12:00,612,346.26,106.52,1.548,0.0825,0.957,OK,BATCH-2025-01-15-C
2025-01-15 18:13:00,613,346.68,104.06,1.485,0.0816,0.99,OK,BATCH-2025-01-15-C
2025-01-15 18:14:00,614,345.23,104.82,1.525,0.0823,0.915,OK,BATCH-2025-01-15-C
2025-01-15 18:15:00,615,345.87,106.96,1.51,0.0819,0.972,OK,BATCH-2025-01-15-C
2025-01-15 18:16:00,616,344.92,104.12,1.499,0.0808,0.968,OK,BATCH-2025-01-15-C
2025-01-15 18:17:00,617,344.82,104.6,1.562,0.0819,0.931,OK,BATCH-2025-01-15-C
2025-01-15 18:18:00,618,344.98,103.86,1.507,0.0829,0.955,OK,BATCH-2025-01-15-C
2025-01-15 18:19:00,619,344.4,103.6,1.517,0.0825,0.989,OK,BATCH-2025-01-15-C
2025-01-15 18:20:00,620,343.96,106.45,1.408,0.0828,0.974,OK,BATCH-2025-01-15-C
2025-01-15 18:21:00,621,344.14,105.76,1.535,0.0818,0.987,OK,BATCH-2025-01-15-C
2025-01-15 18:22:00,622,343.88,105.54,1.433,0.0808,0.919,OK,BATCH-2025-01-15-C
2025-01-15 18:23:00,623,342.27,105.7,1.486,0.0803,0.977,OK,BATCH-2025-01-15-C
2025-01-15 18:24:00,624,343.14,106.23,1.586,0.0782,0.979,OK,BATCH-2025-01-15-C
2025-01-15 18:25:00,625,342.9,106.81,1.595,0.0787,0.982,OK,BATCH-2025-01-15-C
2025-01-15 18:26:00,626,341.75,104.99,1.486,0.0786,0.925,OK,BATCH-2025-01-15-C
2025-01-15 18:27:00,627,342.13,104.59,1.444,0.0778,0.969,OK,BATCH-2025-01-15-C
2025-01-15 18:28:00,628,340.81,103.77,1.527,0.0779,0.978,OK,BATCH-2025-01-15-C
2025-01-15 18:29:00,629,342.16,106.3,1.488,0.0781,0.947,OK,BATCH-2025-01-15-C
2025-01-15 18:30:00,630,340.86,104.38,1.525,0.077,0.972,OK,BATCH-2025-01-15-C
2025-01-15 18:31:00,631,340.65,103.21,1.442,0.0761,0.943,OK,BATCH-2025-01-15-C
2025-01-15 18:32:00,632,341.12,104.68,1.566,0.075,0.979,OK,BATCH-2025-01-15-C
2025-01-15 18:33:00,633,340.01,105.03,1.588,0.077,0.969,OK,BATCH-2025-01-15-C
2025-01-15 18:34:00,634,340.16,106.0,1.439,0.0745,0.966,OK,BATCH-2025-01-15-C
2025-01-15 18:35:00,635,338.87,106.2,1.474,0.0744,0.994,OK,BATCH-2025-01-15-C
2025-01-15 18:36:00,636,338.86,104.12,1.479,0.0757,0.99,OK,BATCH-2025-01-15-C
2025-01-15 18:37:00,637,338.06,104.04,1.551,0.0741,0.996,OK,BATCH-2025-01-15-C
2025-01-15 18:38:00,638,338.48,104.61,1.418,0.0727,0.972,OK,BATCH-2025-01-15-C
2025-01-15 18:39:00,639,338.92,103.55,1.528,0.0713,0.972,OK,BATCH-2025-01-15-C
2025-01-15 18:40:00,640,338.13,104.87,1.507,0.0687,0.967,OK,BATCH-2025-01-15-C
2025-01-15 18:41:00,641,338.23,105.55,1.481,0.0706,0.977,OK,BATCH-2025-01-15-C
2025-01-15 18:42:00,642,336.78,105.05,1.557,0.0703,0.99,OK,BATCH-2025-01-15-C
2025-01-15 18:43:00,643,336.57,103.06,1.426,0.0687,0.94,OK,BATCH-2025-01-15-C
2025-01-15 18:44:00,644,336.52,103.57,1.456,0.0678,0.984,OK,BATCH-2025-01-15-C
2025-01-15 18:45:00,645,336.84,106.54,1.487,0.0681,0.989,OK,BATCH-2025-01-15-C
2025-01-15 18:46:00,646,336.41,103.78,1.564,0.0677,0.931,OK,BATCH-2025-01-15-C
2025-01-15 18:47:00,647,335.89,105.89,1.513,0.0664,0.915,OK,BATCH-2025-01-15-C
2025-01-15 18:48:00,648,335.97,105.76,1.49,0.0672,0.942,OK,BATCH-2025-01-15-C
2025-01-15 18:49:00,649,335.21,104.61,1.558,0.066,0.986,OK,BATCH-2025-01-15-C
2025-01-15 18:50:00,650,334.99,103.8,1.512,0.0655,0.992,OK,BATCH-2025-01-15-C
2025-01-15 18:51:00,651,335.48,105.25,1.506,0.0658,0.969,OK,BATCH-2025-01-15-C
2025-01-15 18:52:00,652,334.05,103.94,1.525,0.0648,0.927,OK,BATCH-2025-01-15-C
2025-01-15 18:53:00,653,334.21,104.79,1.559,,0.989,OK,BATCH-2025-01-15-C
2025-01-15 18:54:00,654,334.77,105.13,1.679,0.0641,0.916,OK,BATCH-2025-01-15-C
2025-01-15 18:55:00,655,333.56,104.14,,0.0681,0.977,OK,BATCH-2025-01-15-C
2025-01-15 18:56:00,656,333.62,104.73,1.563,0.0675,0.953,OK,BATCH-2025-01-15-C
2025-01-15 18:57:00,657,332.54,104.63,1.544,0.0686,0.98,OK,BATCH-2025-01-15-C
2025-01-15 18:58:00,658,333.77,103.52,1.541,0.0673,0.993,OK,BATCH-2025-01-15-C
2025-01-15 18:59:00,659,330.95,104.77,1.632,0.0657,0.941,OK,BATCH-2025-01-15-C
2025-01-15 19:00:00,660,331.32,104.24,1.597,0.0655,0.978,OK,BATCH-2025-01-15-C
2025-01-15 19:01:00,661,331.07,102.81,1.595,0.065,0.981,OK,BATCH-2025-01-15-C
2025-01-15 19:02:00,662,332.37,104.59,1.541,0.0646,0.933,OK,BATCH-2025-01-15-C
2025-01-15 19:03:00,663,331.31,104.66,1.524,0.0646,0.876,OK,BATCH-2025-01-15-C
2025-01-15 19:04:00,664,330.64,104.27,1.584,0.066,0.974,OK,BATCH-2025-01-15-C
2025-01-15 19:05:00,665,329.73,102.53,1.557,0.0688,0.949,OK,BATCH-2025-01-15-C
2025-01-15 19:06:00,666,330.42,105.93,1.546,0.0718,0.982,OK,BATCH-2025-01-15-C
2025-01-15 19:07:00,667,329.97,105.82,1.611,0.0718,0.979,OK,BATCH-2025-01-15-C
2025-01-15 19:08:00,668,329.18,105.78,1.52,0.0744,0.941,OK,BATCH-2025-01-15-C
2025-01-15 19:09:00,669,328.41,105.39,1.546,0.0768,0.953,OK,BATCH-2025-01-15-C
2025-01-15 19:10:00,670,328.34,103.49,1.625,0.0756,0.933,OK,BATCH-2025-01-15-C
2025-01-15 19:11:00,671,328.83,105.15,1.584,0.0747,0.993,OK,BATCH-2025-01-15-C
2025-01-15 19:12:00,672,328.59,103.89,1.624,,0.974,OK,BATCH-2025-01-15-C
2025-01-15 19:13:00,673,328.14,107.63,1.551,0.0771,0.916,OK,BATCH-2025-01-15-C
2025-01-15 19:14:00,674,327.71,104.38,1.632,0.0767,0.942,OK,BATCH-2025-01-15-C
2025-01-15 19:15:00,675,326.44,105.8,1.564,0.0761,0.965,OK,BATCH-2025-01-15-C
2025-01-15 19:16:00,676,327.23,103.14,1.67,0.0779,0.953,OK,BATCH-2025-01-15-C
2025-01-15 19:17:00,677,326.28,103.58,1.644,0.0774,1.0,OK,BATCH-2025-01-15-C
2025-01-15 19:18:00,678,326.63,104.36,1.631,0.0769,0.93,OK,BATCH-2025-01-15-C
2025-01-15 19:19:00,679,,105.84,1.687,0.0775,0.905,OK,BATCH-2025-01-15-C
2025-01-15 19:20:00,680,325.59,105.66,1.631,0.0775,0.925,OK,BATCH-2025-01-15-C
2025-01-15 19:21:00,681,325.09,105.35,1.585,0.0736,0.962,OK,BATCH-2025-01-15-C
2025-01-15 19:22:00,682,326.0,102.78,1.697,0.0716,0.953,OK,BATCH-2025-01-15-C
2025-01-15 19:23:00,683,325.31,106.36,1.639,0.0725,0.989,OK,BATCH-2025-01-15-C
2025-01-15 19:24:00,684,324.42,103.89,1.686,0.0702,0.977,OK,BATCH-2025-01-15-C
2025-01-15 19:25:00,685,322.7,106.94,1.635,0.0718,0.99,OK,BATCH-2025-01-15-C
2025-01-15 19:26:00,686,324.17,107.24,1.688,0.0716,0.995,OK,BATCH-2025-01-15-C
2025-01-15 19:27:00,687,324.28,105.99,1.59,0.0718,0.942,OK,BATCH-2025-01-15-C
2025-01-15 19:28:00,688,324.27,106.19,1.573,0.072,0.837,OK,BATCH-2025-01-15-C
2025-01-15 19:29:00,689,322.89,103.49,1.568,0.0692,0.977,OK,BATCH-2025-01-15-C
2025-01-15 19:30:00,690,322.61,108.1,1.679,0.068,0.937,OK,BATCH-2025-01-15-C
2025-01-15 19:31:00,691,322.43,105.26,1.546,0.0663,0.979,OK,BATCH-2025-01-15-C
2025-01-15 19:32:00,692,322.9,106.2,1.557,0.0666,0.924,OK,BATCH-2025-01-15-C
2025-01-15 19:33:00,693,321.4,103.97,1.578,0.0688,0.995,OK,BATCH-2025-01-15-C
2025-01-15 19:34:00,694,321.73,104.92,1.663,0.0684,0.991,OK,BATCH-2025-01-15-C
2025-01-15 19:35:00,695,320.94,103.58,1.676,0.0684,0.978,OK,BATCH-2025-01-15-C
2025-01-15 19:36:00,696,321.36,104.71,1.616,0.0654,0.964,OK,BATCH-2025-01-15-C
2025-01-15 19:37:00,697,319.97,105.02,1.698,0.0648,0.974,OK,BATCH-2025-01-15-C
2025-01-15 19:38:00,698,320.83,105.31,1.677,0.0644,0.954,OK,BATCH-2025-01-15-C
2025-01-15 19:39:00,699,320.0,106.68,1.724,0.0641,0.939,OK,BATCH-2025-01-15-C
2025-01-15 19:40:00,700,319.87,105.58,1.713,0.0649,0.912,OK,BATCH-2025-01-15-C
2025-01-15 19:41:00,701,320.02,105.29,1.634,0.067,0.978,OK,BATCH-2025-01-15-C
2025-01-15 19:42:00,702,320.09,105.05,1.68,0.0669,0.952,OK,BATCH-2025-01-15-C
2025-01-15 19:43:00,703,318.08,107.41,1.664,0.0674,0.975,OK,BATCH-2025-01-15-C
2025-01-15 19:44:00,704,319.4,104.31,1.698,0.065,0.933,OK,BATCH-2025-01-15-C
2025-01-15 19:45:00,705,318.83,106.43,1.687,0.0659,0.998,OK,BATCH-2025-01-15-C
2025-01-15 19:46:00,706,318.02,102.65,1.68,0.0659,0.958,OK,BATCH-2025-01-15-C
2025-01-15 19:47:00,707,318.74,103.95,1.716,0.0632,0.962,OK,BATCH-2025-01-15-C
2025-01-15 19:48:00,708,317.71,105.49,1.686,0.0637,0.995,OK,BATCH-2025-01-15-C
2025-01-15 19:49:00,709,318.08,104.81,1.721,0.0628,0.991,OK,BATCH-2025-01-15-C
2025-01-15 19:50:00,710,316.64,108.61,1.688,0.0643,0.995,OK,BATCH-2025-01-15-C
2025-01-15 19:51:00,711,316.18,108.1,1.68,0.0649,0.993,OK,BATCH-2025-01-15-C
2025-01-15 19:52:00,712,317.13,103.18,1.736,0.065,0.986,OK,BATCH-2025-01-15-C
2025-01-15 19:53:00,713,317.4,103.72,1.739,0.0676,0.998,OK,BATCH-2025-01-15-C
2025-01-15 19:54:00,714,316.18,104.83,1.755,0.0672,0.939,OK,BATCH-2025-01-15-C
2025-01-15 19:55:00,715,316.03,107.09,1.726,0.0667,0.896,OK,BATCH-2025-01-15-C
2025-01-15 19:56:00,716,314.92,106.36,1.685,0.0667,0.945,OK,BATCH-2025-01-15-C
2025-01-15 19:57:00,717,314.1,105.39,1.707,0.0668,0.99,OK,BATCH-2025-01-15-C
2025-01-15 19:58:00,718,314.46,103.3,1.706,0.0655,0.98,OK,BATCH-2025-01-15-C
2025-01-15 19:59:00,719,315.2,103.99,1.612,0.0663,0.953,OK,BATCH-2025-01-15-C
