timestamp,zone,ventilacion_activa,temp_ambiente_C,humedad_relativa_%,CO_ppm,NO2_ppm,VOC_ppm,PM2_5_ug_m3,status
2025-02-12 06:00:00,HORNO-A,False,17.1,63.0,16.4,2.23,278.6,12.3,OK
2025-02-12 06:05:00,HORNO-A,False,18.2,55.5,17.2,1.73,298.8,23.0,OK
2025-02-12 06:10:00,HORNO-A,False,17.5,64.9,27.6,1.53,160.6,18.9,OK
2025-02-12 06:15:00,HORNO-A,False,16.1,58.7,19.0,1.53,208.3,27.1,OK
2025-02-12 06:20:00,HORNO-A,False,19.0,57.4,14.2,2.05,313.5,18.8,OK
2025-02-12 06:25:00,HORNO-A,False,17.5,59.7,12.0,1.56,271.7,19.1,OK
2025-02-12 06:30:00,HORNO-A,False,19.3,58.0,22.9,1.73,239.1,24.1,OK
2025-02-12 06:35:00,HORNO-A,False,17.7,58.6,18.8,2.21,264.0,32.3,OK
2025-02-12 06:40:00,HORNO-A,False,19.9,66.4,14.0,1.46,280.4,15.5,OK
2025-02-12 06:45:00,HORNO-A,False,18.9,61.0,21.4,1.16,232.4,28.1,OK
2025-02-12 06:50:00,HORNO-A,False,18.8,64.2,18.8,1.27,248.3,27.2,OK
2025-02-12 06:55:00,HORNO-A,False,17.5,63.2,9.7,2.17,247.8,20.7,OK
2025-02-12 07:00:00,HORNO-A,False,17.2,57.7,20.9,1.64,186.9,26.1,OK
2025-02-12 07:05:00,HORNO-A,False,19.0,55.3,24.7,1.4,269.4,20.3,OK
2025-02-12 07:10:00,HORNO-A,False,18.2,57.0,30.8,1.99,358.2,36.2,PM2.5_out
2025-02-12 07:15:00,HORNO-A,False,18.2,51.1,18.2,2.0,353.9,21.3,OK
2025-02-12 07:20:00,HORNO-A,False,17.0,57.3,19.2,1.41,161.4,22.5,OK
2025-02-12 07:25:00,HORNO-A,False,19.2,58.8,26.0,1.21,284.2,20.0,OK
2025-02-12 07:30:00,HORNO-A,False,18.5,61.3,18.8,0.97,290.5,11.8,OK
2025-02-12 07:35:00,HORNO-A,False,17.9,60.0,19.4,0.88,225.4,20.4,OK
2025-02-12 07:40:00,HORNO-A,False,18.0,53.9,14.8,1.49,192.1,23.4,OK
2025-02-12 07:45:00,HORNO-A,False,18.4,60.7,11.0,1.24,170.8,31.0,OK
2025-02-12 07:50:00,HORNO-A,False,19.1,58.8,22.6,2.34,223.3,25.0,OK
2025-02-12 07:55:00,HORNO-A,False,20.8,60.0,11.6,1.62,271.0,20.9,OK
2025-02-12 08:00:00,HORNO-A,True,19.7,65.4,17.8,0.82,180.4,22.4,OK
2025-02-12 08:05:00,HORNO-A,True,18.0,55.4,10.5,2.17,160.0,24.0,OK
2025-02-12 08:10:00,HORNO-A,True,20.5,56.0,14.5,1.66,131.3,19.7,OK
2025-02-12 08:15:00,HORNO-A,True,19.2,61.5,12.1,1.88,203.3,26.1,OK
2025-02-12 08:20:00,HORNO-A,True,20.0,63.5,17.9,1.87,235.5,31.8,OK
2025-02-12 08:25:00,HORNO-A,True,20.6,61.3,14.6,1.72,145.8,19.8,OK
2025-02-12 08:30:00,HORNO-A,True,18.8,60.3,20.8,1.81,207.7,29.2,OK
2025-02-12 08:35:00,HORNO-A,True,19.8,53.8,9.4,1.7,,27.3,OK
2025-02-12 08:40:00,HORNO-A,True,20.8,60.1,15.1,1.16,157.9,25.2,OK
2025-02-12 08:45:00,HORNO-A,True,19.8,56.8,13.7,1.75,220.3,22.7,OK
2025-02-12 08:50:00,HORNO-A,True,18.9,58.0,14.5,2.01,137.2,24.0,OK
2025-02-12 08:55:00,HORNO-A,True,20.3,54.7,19.5,1.52,160.3,20.7,OK
2025-02-12 09:00:00,HORNO-A,True,21.0,53.8,15.7,1.82,251.3,33.0,OK
2025-02-12 09:05:00,HORNO-A,True,18.5,60.0,9.2,1.77,154.5,17.7,OK
2025-02-12 09:10:00,HORNO-A,True,19.9,56.4,15.5,2.33,149.1,28.8,OK
2025-02-12 09:15:00,HORNO-A,True,19.7,51.8,11.9,1.5,213.4,31.3,OK
2025-02-12 09:20:00,HORNO-A,True,21.5,54.4,11.7,1.48,275.5,20.1,OK
2025-02-12 09:25:00,HORNO-A,True,21.9,58.7,17.4,1.55,176.7,29.0,OK
2025-02-12 09:30:00,HORNO-A,True,20.5,52.8,11.2,1.56,222.1,22.9,OK
2025-02-12 09:35:00,HORNO-A,True,20.3,52.3,12.1,0.69,248.1,22.4,OK
2025-02-12 09:40:00,HORNO-A,True,22.7,56.2,13.6,1.34,202.1,21.6,OK
2025-02-12 09:45:00,HORNO-A,True,22.0,51.8,17.0,1.72,175.4,12.3,OK
2025-02-12 09:50:00,HORNO-A,True,21.4,58.9,15.7,1.6,148.1,25.3,OK
2025-02-12 09:55:00,HORNO-A,True,21.1,58.3,12.6,1.28,123.4,30.7,OK
2025-02-12 10:00:00,HORNO-A,True,20.6,50.9,12.5,1.33,237.5,17.8,OK
2025-02-12 10:05:00,HORNO-A,True,21.9,53.7,9.1,1.46,195.6,27.1,OK
2025-02-12 10:10:00,HORNO-A,True,22.3,48.7,10.7,1.28,247.5,21.5,OK
2025-02-12 10:15:00,HORNO-A,True,22.5,62.2,11.0,1.39,232.0,15.4,OK
2025-02-12 10:20:00,HORNO-A,True,,54.3,12.9,1.38,159.7,28.0,OK
2025-02-12 10:25:00,HORNO-A,True,22.3,48.4,21.0,1.96,134.1,32.1,OK
2025-02-12 10:30:00,HORNO-A,True,22.7,49.0,11.0,2.01,206.1,17.2,OK
2025-02-12 10:35:00,HORNO-A,True,22.1,57.4,12.4,1.97,159.0,23.3,OK
2025-02-12 10:40:00,HORNO-A,True,22.0,54.9,5.8,1.77,204.5,13.4,OK
2025-02-12 10:45:00,HORNO-A,True,23.6,54.1,15.8,1.32,154.6,21.7,OK
2025-02-12 10:50:00,HORNO-A,True,21.8,52.0,7.6,1.98,148.7,24.9,OK
2025-02-12 10:55:00,HORNO-A,True,24.6,46.7,10.1,1.47,181.2,32.5,OK
2025-02-12 11:00:00,HORNO-A,True,23.0,50.9,17.4,,229.5,31.3,OK
2025-02-12 11:05:00,HORNO-A,True,23.4,54.6,5.6,2.14,201.3,31.9,OK
2025-02-12 11:10:00,HORNO-A,True,24.8,51.4,13.9,1.63,240.5,18.8,OK
2025-02-12 11:15:00,HORNO-A,True,24.3,53.5,16.5,1.7,132.0,20.5,OK
2025-02-12 11:20:00,HORNO-A,True,24.2,50.0,19.2,1.03,139.9,12.0,OK
2025-02-12 11:25:00,HORNO-A,True,23.1,48.2,10.0,1.79,183.5,17.7,OK
2025-02-12 11:30:00,HORNO-A,True,23.5,52.3,11.2,1.21,285.0,13.3,OK
2025-02-12 11:35:00,HORNO-A,True,24.8,52.1,20.3,2.0,217.8,24.2,OK
2025-02-12 11:40:00,HORNO-A,True,24.0,56.3,13.4,1.53,139.5,17.8,OK
2025-02-12 11:45:00,HORNO-A,True,25.8,49.6,10.7,0.71,184.1,15.4,OK
2025-02-12 11:50:00,HORNO-A,True,24.0,50.8,10.8,1.46,197.4,19.9,OK
2025-02-12 11:55:00,HORNO-A,True,25.9,51.2,9.9,1.51,161.9,14.9,OK
2025-02-12 12:00:00,HORNO-A,False,25.4,49.4,15.8,1.79,286.8,23.9,OK
2025-02-12 12:05:00,HORNO-A,False,25.5,54.4,23.4,1.87,240.6,23.7,OK
2025-02-12 12:10:00,HORNO-A,False,25.1,50.0,22.4,1.47,232.0,20.1,OK
2025-02-12 12:15:00,HORNO-A,False,25.7,50.2,12.1,2.01,325.6,17.6,OK
2025-02-12 12:20:00,HORNO-A,False,24.5,43.5,19.1,0.33,147.4,14.0,OK
2025-02-12 12:25:00,HORNO-A,False,24.9,49.4,16.0,1.31,192.3,25.3,OK
2025-02-12 12:30:00,HORNO-A,False,26.4,47.1,21.9,1.16,201.0,23.4,OK
2025-02-12 12:35:00,HORNO-A,False,27.2,48.0,17.2,1.1,199.1,24.8,OK
2025-02-12 12:40:00,HORNO-A,False,26.2,47.7,19.9,1.98,206.3,20.2,OK
2025-02-12 12:45:00,HORNO-A,False,26.5,50.2,17.2,1.93,279.3,20.7,OK
2025-02-12 12:50:00,HORNO-A,False,27.0,45.1,7.1,1.29,315.8,30.7,OK
2025-02-12 12:55:00,HORNO-A,False,27.9,44.3,18.2,2.07,305.0,18.4,OK
2025-02-12 13:00:00,HORNO-A,False,26.9,46.6,11.6,1.64,188.8,20.1,OK
2025-02-12 13:05:00,HORNO-A,False,26.1,47.0,21.7,1.43,243.6,26.5,OK
2025-02-12 13:10:00,HORNO-A,False,26.5,47.2,14.6,1.32,277.1,23.8,OK
2025-02-12 13:15:00,HORNO-A,False,27.6,51.2,15.0,1.29,264.4,9.7,OK
2025-02-12 13:20:00,HORNO-A,False,27.6,44.7,18.0,1.79,328.3,11.9,OK
2025-02-12 13:25:00,HORNO-A,False,27.2,46.8,20.9,1.86,209.5,,OK
2025-02-12 13:30:00,HORNO-A,False,27.8,,17.2,1.7,259.4,27.5,OK
2025-02-12 13:35:00,HORNO-A,False,28.9,44.9,70.7,0.78,226.4,26.0,CO_out
2025-02-12 13:40:00,HORNO-A,False,27.5,38.1,26.2,1.72,265.1,25.1,OK
2025-02-12 13:45:00,HORNO-A,False,27.7,42.6,26.6,1.83,185.3,25.8,OK
2025-02-12 13:50:00,HORNO-A,False,27.9,46.6,16.8,1.33,194.3,16.2,OK
2025-02-12 13:55:00,HORNO-A,False,28.5,45.1,10.6,1.62,206.2,25.6,OK
2025-02-12 14:00:00,HORNO-A,True,28.7,44.6,18.1,0.85,162.1,16.5,OK
2025-02-12 14:05:00,HORNO-A,True,28.8,35.1,11.9,1.11,257.2,27.7,OK
2025-02-12 14:10:00,HORNO-A,True,28.5,44.3,13.6,1.47,240.4,18.9,OK
2025-02-12 14:15:00,HORNO-A,True,28.6,43.8,15.9,1.48,177.9,23.7,OK
2025-02-12 14:20:00,HORNO-A,True,29.6,42.5,7.5,1.74,195.3,10.8,OK
2025-02-12 14:25:00,HORNO-A,True,30.9,46.2,19.6,1.13,115.8,13.9,OK
2025-02-12 14:30:00,HORNO-A,True,29.3,43.3,16.8,1.46,179.4,28.5,OK
2025-02-12 14:35:00,HORNO-A,True,29.3,41.0,14.8,1.4,194.7,26.2,OK
2025-02-12 14:40:00,HORNO-A,True,29.4,44.4,16.8,1.81,239.1,14.7,OK
2025-02-12 14:45:00,HORNO-A,True,30.1,45.1,15.6,2.17,202.2,29.7,OK
2025-02-12 14:50:00,HORNO-A,True,29.5,39.0,13.9,2.29,207.0,15.5,OK
2025-02-12 14:55:00,HORNO-A,True,29.3,47.9,12.3,0.97,200.9,22.1,OK
2025-02-12 15:00:00,HORNO-A,True,30.7,44.0,10.7,1.58,199.6,19.1,OK
2025-02-12 15:05:00,HORNO-A,True,29.4,42.8,14.6,1.15,124.6,16.5,OK
2025-02-12 15:10:00,HORNO-A,True,29.2,41.0,,1.57,168.7,29.0,OK
2025-02-12 15:15:00,HORNO-A,True,30.1,41.4,17.6,1.77,252.1,32.1,OK
2025-02-12 15:20:00,HORNO-A,True,31.1,38.1,14.3,1.63,224.6,23.1,OK
2025-02-12 15:25:00,HORNO-A,True,29.8,38.1,10.3,1.58,209.7,31.2,OK
2025-02-12 15:30:00,HORNO-A,True,29.6,42.4,7.6,2.19,190.5,20.3,OK
2025-02-12 15:35:00,HORNO-A,True,29.4,44.2,13.0,1.89,217.2,22.6,OK
2025-02-12 15:40:00,HORNO-A,True,30.5,42.0,13.4,1.49,145.0,22.8,OK
2025-02-12 15:45:00,HORNO-A,True,31.1,40.4,13.1,1.61,116.4,15.1,OK
2025-02-12 15:50:00,HORNO-A,True,31.7,41.0,7.8,1.95,170.3,25.0,OK
2025-02-12 15:55:00,HORNO-A,True,31.5,40.9,17.5,1.84,211.7,26.3,OK
2025-02-12 16:00:00,HORNO-A,True,31.3,42.2,17.5,1.43,192.4,21.0,OK
2025-02-12 16:05:00,HORNO-A,True,31.3,38.3,10.4,0.89,233.1,11.8,OK
2025-02-12 16:10:00,HORNO-A,True,31.6,40.2,16.5,1.13,203.3,24.2,OK
2025-02-12 16:15:00,HORNO-A,True,31.8,34.6,17.1,1.66,189.5,12.9,OK
2025-02-12 16:20:00,HORNO-A,True,30.2,42.0,13.6,0.89,247.2,17.1,OK
2025-02-12 16:25:00,HORNO-A,True,32.9,43.4,9.9,1.54,238.5,22.8,OK
2025-02-12 16:30:00,HORNO-A,True,30.9,35.7,19.6,1.42,183.1,17.4,OK
2025-02-12 16:35:00,HORNO-A,True,32.1,40.4,14.9,2.0,137.9,23.5,OK
2025-02-12 16:40:00,HORNO-A,True,32.1,40.9,12.6,1.07,146.7,20.6,OK
2025-02-12 16:45:00,HORNO-A,True,31.7,49.4,16.4,0.83,180.2,12.2,OK
2025-02-12 16:50:00,HORNO-A,True,31.7,40.0,19.6,1.43,171.0,23.0,OK
2025-02-12 16:55:00,HORNO-A,True,31.6,38.6,11.6,1.85,262.1,25.5,OK
2025-02-12 17:00:00,HORNO-A,True,32.6,39.3,16.1,2.03,111.9,28.1,OK
2025-02-12 17:05:00,HORNO-A,True,32.3,41.1,20.8,1.24,184.6,19.8,OK
2025-02-12 17:10:00,HORNO-A,True,32.8,41.5,9.3,1.79,139.5,21.6,OK
2025-02-12 17:15:00,HORNO-A,True,30.9,36.2,11.4,1.16,192.8,13.0,OK
2025-02-12 17:20:00,HORNO-A,True,33.0,38.3,11.3,1.3,204.7,,OK
2025-02-12 17:25:00,HORNO-A,True,30.9,38.1,12.9,1.83,169.3,31.0,OK
2025-02-12 17:30:00,HORNO-A,True,33.0,35.8,12.7,1.89,211.4,21.8,OK
2025-02-12 17:35:00,HORNO-A,True,31.3,38.1,14.6,1.2,178.6,21.3,OK
2025-02-12 17:40:00,HORNO-A,True,31.0,36.5,10.4,1.79,179.4,4.4,OK
2025-02-12 17:45:00,HORNO-A,True,30.8,38.6,11.2,0.85,168.7,28.2,OK
2025-02-12 17:50:00,HORNO-A,True,31.7,38.0,14.6,1.52,216.8,25.4,OK
2025-02-12 17:55:00,HORNO-A,True,30.7,43.8,14.1,1.15,193.7,26.9,OK
2025-02-12 18:00:00,HORNO-A,True,30.9,40.8,16.8,1.28,258.3,19.6,OK
2025-02-12 18:05:00,HORNO-A,True,31.1,42.0,15.0,1.09,244.7,19.2,OK
2025-02-12 18:10:00,HORNO-A,True,32.8,37.4,16.4,1.82,212.4,14.6,OK
2025-02-12 18:15:00,HORNO-A,True,30.4,42.1,9.2,1.82,90.3,26.7,OK
2025-02-12 18:20:00,HORNO-A,True,33.5,41.3,12.1,1.32,120.7,29.5,OK
2025-02-12 18:25:00,HORNO-A,True,32.1,42.5,20.4,1.75,231.9,28.7,OK
2025-02-12 18:30:00,HORNO-A,True,32.6,37.6,15.0,1.7,166.1,23.1,OK
2025-02-12 18:35:00,HORNO-A,True,31.4,41.9,16.3,1.55,198.1,20.0,OK
2025-02-12 18:40:00,HORNO-A,True,31.8,44.1,14.5,2.46,159.1,15.7,OK
2025-02-12 18:45:00,HORNO-A,True,31.3,42.4,15.1,1.26,210.8,17.8,OK
2025-02-12 18:50:00,HORNO-A,True,32.1,39.9,12.6,1.61,230.6,,OK
2025-02-12 18:55:00,HORNO-A,True,32.7,42.3,26.9,1.45,133.1,20.3,OK
2025-02-12 19:00:00,HORNO-A,True,31.0,42.3,12.0,1.45,150.9,31.8,OK
2025-02-12 19:05:00,HORNO-A,True,32.8,40.0,13.4,1.66,112.6,28.9,OK
2025-02-12 19:10:00,HORNO-A,True,31.5,38.5,4.4,1.48,198.0,18.4,OK
2025-02-12 19:15:00,HORNO-A,True,31.6,42.6,17.6,1.26,112.6,14.7,OK
2025-02-12 19:20:00,HORNO-A,True,30.9,36.6,11.4,1.65,171.0,18.7,OK
2025-02-12 19:25:00,HORNO-A,True,31.2,36.5,13.3,2.07,210.9,28.4,OK
2025-02-12 19:30:00,HORNO-A,True,31.9,39.5,11.5,1.98,280.1,18.9,OK
2025-02-12 19:35:00,HORNO-A,True,30.0,39.8,13.0,1.68,204.1,25.3,OK
2025-02-12 19:40:00,HORNO-A,True,31.2,42.3,12.4,1.31,243.9,18.6,OK
2025-02-12 19:45:00,HORNO-A,True,31.2,46.6,13.3,1.67,199.2,24.1,OK
2025-02-12 19:50:00,HORNO-A,True,30.8,40.9,13.3,2.03,201.4,25.2,OK
2025-02-12 19:55:00,HORNO-A,True,31.1,40.4,12.9,2.08,178.0,27.9,OK
2025-02-12 20:00:00,HORNO-A,False,31.2,43.0,17.2,1.74,227.0,30.6,OK
2025-02-12 20:05:00,HORNO-A,False,32.1,36.7,24.5,1.45,320.5,29.9,OK
2025-02-12 20:10:00,HORNO-A,False,30.5,40.2,22.4,1.52,272.5,18.8,OK
2025-02-12 20:15:00,HORNO-A,False,31.6,40.6,22.4,1.91,270.2,21.1,OK
2025-02-12 20:20:00,HORNO-A,False,29.2,42.1,14.3,1.87,213.5,15.0,OK
2025-02-12 20:25:00,HORNO-A,False,30.6,42.5,24.3,0.9,229.3,20.6,OK
2025-02-12 20:30:00,HORNO-A,False,29.7,47.2,23.7,1.86,374.0,22.1,OK
2025-02-12 20:35:00,HORNO-A,False,30.2,41.6,15.2,1.88,245.9,19.6,OK
2025-02-12 20:40:00,HORNO-A,False,29.6,39.5,25.6,1.25,329.6,19.0,OK
2025-02-12 20:45:00,HORNO-A,False,29.3,41.3,14.6,1.29,218.8,28.2,OK
2025-02-12 20:50:00,HORNO-A,False,29.4,48.8,8.8,1.3,298.1,27.4,OK
2025-02-12 20:55:00,HORNO-A,False,28.5,39.4,23.5,1.33,267.4,24.4,OK
2025-02-12 21:00:00,HORNO-A,False,29.6,44.9,17.4,1.03,225.8,14.3,OK
2025-02-12 21:05:00,HORNO-A,False,29.5,45.1,22.9,1.73,288.9,23.2,OK
2025-02-12 21:10:00,HORNO-A,False,28.9,43.4,14.2,1.29,157.4,19.7,OK
2025-02-12 21:15:00,HORNO-A,False,31.0,40.5,11.7,1.57,284.5,29.9,OK
2025-02-12 21:20:00,HORNO-A,False,29.8,44.2,24.2,1.4,297.2,11.2,OK
2025-02-12 21:25:00,HORNO-A,False,27.6,42.0,68.6,1.7,266.4,18.6,CO_out
2025-02-12 21:30:00,HORNO-A,False,30.2,44.3,10.2,1.2,328.7,18.5,OK
2025-02-12 21:35:00,HORNO-A,False,28.2,46.2,8.4,1.7,245.9,19.2,OK
2025-02-12 21:40:00,HORNO-A,False,28.6,45.3,4.0,1.76,241.1,27.7,OK
2025-02-12 21:45:00,HORNO-A,False,29.2,41.1,12.8,1.93,,7.9,OK
2025-02-12 21:50:00,HORNO-A,False,29.4,41.6,7.2,2.39,302.1,20.8,OK
2025-02-12 21:55:00,HORNO-A,False,27.6,42.2,17.8,0.76,284.2,27.1,OK
2025-02-12 22:00:00,HORNO-A,False,28.2,45.3,6.8,1.73,236.4,27.9,OK
2025-02-12 22:05:00,HORNO-A,False,27.7,47.4,12.5,1.32,190.3,18.7,OK
2025-02-12 22:10:00,HORNO-A,False,28.4,43.3,29.7,0.83,289.8,17.9,OK
2025-02-12 22:15:00,HORNO-A,False,28.8,49.1,19.7,1.94,202.6,24.1,OK
2025-02-12 22:20:00,HORNO-A,False,27.9,45.1,18.3,2.13,200.9,22.9,OK
2025-02-12 22:25:00,HORNO-A,False,26.4,44.7,9.9,1.44,210.7,22.4,OK
2025-02-12 22:30:00,HORNO-A,False,27.4,46.9,16.8,1.68,253.5,0.0,OK
2025-02-12 22:35:00,HORNO-A,False,27.4,47.1,18.2,1.57,202.2,15.2,OK
2025-02-12 22:40:00,HORNO-A,False,28.6,45.0,10.0,1.77,181.9,16.8,OK
2025-02-12 22:45:00,HORNO-A,False,26.9,42.9,18.6,1.95,210.5,25.9,OK
2025-02-12 22:50:00,HORNO-A,False,27.1,49.9,24.0,1.74,239.0,13.4,OK
2025-02-12 22:55:00,HORNO-A,False,25.6,45.2,16.3,1.74,277.3,15.7,OK
2025-02-12 23:00:00,HORNO-A,False,26.8,50.0,17.0,2.1,254.0,21.1,OK
2025-02-12 23:05:00,HORNO-A,False,27.0,48.6,,1.53,185.2,14.3,OK
2025-02-12 23:10:00,HORNO-A,False,26.3,49.3,11.0,1.97,263.7,25.9,OK
2025-02-12 23:15:00,HORNO-A,False,27.2,42.9,23.3,1.27,269.4,19.7,OK
2025-02-12 23:20:00,HORNO-A,False,26.8,48.0,14.7,2.24,222.7,33.0,OK
2025-02-12 23:25:00,HORNO-A,False,25.6,41.1,13.4,1.9,202.2,18.2,OK
2025-02-12 23:30:00,HORNO-A,False,24.8,53.8,14.5,1.44,202.2,18.5,OK
2025-02-12 23:35:00,HORNO-A,False,25.2,45.7,17.7,0.75,218.1,26.8,OK
2025-02-12 23:40:00,HORNO-A,False,25.2,46.9,12.2,1.6,382.9,18.1,OK
2025-02-12 23:45:00,HORNO-A,False,25.6,53.9,18.6,1.13,196.7,31.1,OK
2025-02-12 23:50:00,HORNO-A,False,24.8,50.0,11.2,1.72,266.0,24.9,OK
2025-02-12 23:55:00,HORNO-A,False,24.2,54.3,21.9,2.18,207.2,20.2,OK
2025-02-13 00:00:00,HORNO-A,False,25.2,46.8,12.7,1.66,219.6,21.0,OK
2025-02-13 00:05:00,HORNO-A,False,25.6,53.8,24.6,1.53,207.6,39.1,PM2.5_out
2025-02-13 00:10:00,HORNO-A,False,24.8,45.5,17.9,1.74,298.1,24.9,OK
2025-02-13 00:15:00,HORNO-A,False,26.0,51.6,13.8,1.71,272.7,22.9,OK
2025-02-13 00:20:00,HORNO-A,False,25.3,49.2,22.6,0.65,242.2,21.2,OK
2025-02-13 00:25:00,HORNO-A,False,23.9,51.4,11.1,1.7,280.2,28.2,OK
2025-02-13 00:30:00,HORNO-A,False,25.0,51.7,46.8,1.85,294.6,12.9,CO_out
2025-02-13 00:35:00,HORNO-A,False,22.9,52.3,18.0,1.5,199.0,20.9,OK
2025-02-13 00:40:00,HORNO-A,False,25.1,51.9,17.4,1.99,282.8,5.0,OK
2025-02-13 00:45:00,HORNO-A,False,23.7,48.2,8.0,1.55,206.9,18.8,OK
2025-02-13 00:50:00,HORNO-A,False,22.4,50.3,70.8,1.91,300.3,27.1,CO_out
2025-02-13 00:55:00,HORNO-A,False,23.1,52.7,18.8,2.51,294.4,30.3,OK
2025-02-13 01:00:00,HORNO-A,False,23.3,57.4,11.4,1.56,274.2,25.6,OK
2025-02-13 01:05:00,HORNO-A,False,23.1,56.0,24.3,0.82,237.4,25.8,OK
2025-02-13 01:10:00,HORNO-A,False,22.9,57.4,20.5,1.47,218.4,11.7,OK
2025-02-13 01:15:00,HORNO-A,False,21.3,51.4,15.4,0.91,234.2,17.9,OK
2025-02-13 01:20:00,HORNO-A,False,23.4,52.9,16.9,1.84,296.1,30.8,OK
2025-02-13 01:25:00,HORNO-A,False,23.2,54.8,27.3,2.12,209.1,18.9,OK
2025-02-13 01:30:00,HORNO-A,False,23.1,55.7,22.7,1.88,253.0,21.2,OK
2025-02-13 01:35:00,HORNO-A,False,22.7,58.5,19.9,1.73,145.1,17.2,OK
2025-02-13 01:40:00,HORNO-A,False,22.8,57.2,10.9,1.34,265.6,16.4,OK
2025-02-13 01:45:00,HORNO-A,False,21.9,52.7,26.1,2.23,187.9,19.2,OK
2025-02-13 01:50:00,HORNO-A,False,21.2,56.9,23.3,1.9,170.9,18.0,OK
2025-02-13 01:55:00,HORNO-A,False,19.7,50.9,17.3,1.71,281.1,27.7,OK
2025-02-13 02:00:00,HORNO-A,False,20.7,54.3,15.3,1.68,262.6,23.3,OK
2025-02-13 02:05:00,HORNO-A,False,19.3,59.0,17.1,1.64,223.4,28.1,OK
2025-02-13 02:10:00,HORNO-A,False,21.7,61.3,12.0,1.78,231.9,13.7,OK
2025-02-13 02:15:00,HORNO-A,False,22.0,58.6,15.6,1.35,386.3,29.4,OK
2025-02-13 02:20:00,HORNO-A,False,22.8,54.0,21.8,2.21,238.4,22.1,OK
2025-02-13 02:25:00,HORNO-A,False,19.7,55.2,9.0,1.66,237.9,33.0,OK
2025-02-13 02:30:00,HORNO-A,False,20.1,55.3,16.4,1.84,289.1,21.7,OK
2025-02-13 02:35:00,HORNO-A,False,19.8,58.0,18.6,1.43,255.2,13.0,OK
2025-02-13 02:40:00,HORNO-A,False,20.9,56.3,18.5,1.75,309.2,29.7,OK
2025-02-13 02:45:00,HORNO-A,False,20.6,56.2,12.1,0.69,266.6,21.2,OK
2025-02-13 02:50:00,HORNO-A,False,20.9,57.0,12.1,1.15,295.7,9.1,OK
2025-02-13 02:55:00,HORNO-A,False,19.9,59.7,23.4,1.59,276.6,22.9,OK
2025-02-13 03:00:00,HORNO-A,False,21.1,61.1,11.9,1.07,288.7,23.4,OK
2025-02-13 03:05:00,HORNO-A,False,19.2,55.6,23.0,2.58,247.4,28.5,OK
2025-02-13 03:10:00,HORNO-A,False,18.5,56.7,15.6,0.93,263.4,0.5,OK
2025-02-13 03:15:00,HORNO-A,False,20.1,57.1,23.4,1.74,233.7,28.9,OK
2025-02-13 03:20:00,HORNO-A,False,21.2,56.4,61.4,2.26,286.3,19.2,CO_out
2025-02-13 03:25:00,HORNO-A,False,18.7,59.5,12.2,1.79,,33.6,OK
2025-02-13 03:30:00,HORNO-A,False,19.6,59.6,22.3,,293.6,11.7,OK
2025-02-13 03:35:00,HORNO-A,False,19.6,58.8,17.9,1.38,309.9,25.3,OK
2025-02-13 03:40:00,HORNO-A,False,17.6,56.0,25.2,1.87,294.5,24.5,OK
2025-02-13 03:45:00,HORNO-A,False,18.7,57.3,22.5,1.28,243.8,19.5,OK
2025-02-13 03:50:00,HORNO-A,False,18.7,59.7,16.9,1.55,280.3,17.4,OK
2025-02-13 03:55:00,HORNO-A,False,19.5,55.2,15.8,1.88,203.4,19.8,OK
2025-02-13 04:00:00,HORNO-A,False,19.5,60.4,18.1,1.48,300.2,19.9,OK
2025-02-13 04:05:00,HORNO-A,False,19.2,54.5,19.0,1.64,184.0,14.5,OK
2025-02-13 04:10:00,HORNO-A,False,19.1,59.1,13.6,1.48,285.6,28.0,OK
2025-02-13 04:15:00,HORNO-A,False,19.5,64.3,22.2,1.21,282.0,15.4,OK
2025-02-13 04:20:00,HORNO-A,False,19.9,59.4,16.0,2.08,274.4,28.1,OK
2025-02-13 04:25:00,HORNO-A,False,18.6,61.0,15.9,2.16,223.2,11.3,OK
2025-02-13 04:30:00,HORNO-A,False,17.6,54.9,15.3,1.47,295.6,20.9,OK
2025-02-13 04:35:00,HORNO-A,False,18.1,63.0,19.2,1.49,139.8,21.0,OK
2025-02-13 04:40:00,HORNO-A,False,18.2,63.9,14.5,1.53,296.6,21.9,OK
2025-02-13 04:45:00,HORNO-A,False,16.1,54.7,18.7,1.82,261.5,27.7,OK
2025-02-13 04:50:00,HORNO-A,False,18.2,62.2,31.8,1.24,313.1,20.8,OK
2025-02-13 04:55:00,HORNO-A,False,18.2,59.3,17.7,1.56,262.0,19.3,OK
2025-02-13 05:00:00,HORNO-A,False,18.1,54.4,15.8,1.71,360.3,20.8,OK
2025-02-13 05:05:00,HORNO-A,False,19.1,57.7,9.7,1.86,193.5,27.9,OK
2025-02-13 05:10:00,HORNO-A,False,19.0,59.6,18.3,0.49,286.6,14.8,OK
2025-02-13 05:15:00,HORNO-A,False,19.0,60.8,12.5,1.76,196.8,15.9,OK
2025-02-13 05:20:00,HORNO-A,False,18.0,60.5,16.1,1.74,242.4,10.3,OK
2025-02-13 05:25:00,HORNO-A,False,16.9,59.9,18.8,2.0,294.5,34.2,OK
2025-02-13 05:30:00,HORNO-A,False,19.4,63.8,9.3,1.39,287.5,15.0,OK
2025-02-13 05:35:00,HORNO-A,False,17.3,61.5,18.8,1.39,374.8,10.7,OK
2025-02-13 05:40:00,HORNO-A,False,18.2,62.4,19.5,2.08,228.9,17.1,OK
2025-02-13 05:45:00,HORNO-A,False,18.1,59.3,11.5,0.97,327.2,18.3,OK
2025-02-13 05:50:00,HORNO-A,False,19.1,60.6,16.0,2.25,234.7,30.8,OK
2025-02-13 05:55:00,HORNO-A,False,19.0,62.9,8.8,2.62,207.9,19.2,OK
2025-02-12 06:00:00,PINTURA,False,16.9,58.4,9.3,0.73,253.5,16.5,OK
2025-02-12 06:05:00,PINTURA,False,17.7,57.6,7.8,0.45,176.9,46.7,PM2.5_out
2025-02-12 06:10:00,PINTURA,False,17.2,59.6,6.9,0.34,356.8,20.6,OK
2025-02-12 06:15:00,PINTURA,False,18.0,56.9,,1.48,418.5,24.1,VOC_out
2025-02-12 06:20:00,PINTURA,False,17.1,61.1,5.8,0.65,361.4,29.0,OK
2025-02-12 06:25:00,PINTURA,False,18.4,57.5,6.4,0.16,346.6,42.4,PM2.5_out
2025-02-12 06:30:00,PINTURA,False,17.9,61.4,11.1,0.36,250.8,33.3,OK
2025-02-12 06:35:00,PINTURA,False,18.2,64.6,10.8,0.82,397.6,39.1,PM2.5_out
2025-02-12 06:40:00,PINTURA,False,17.0,55.2,10.5,0.58,142.9,29.4,OK
2025-02-12 06:45:00,PINTURA,False,18.7,60.9,1.2,0.73,503.2,28.3,VOC_out
2025-02-12 06:50:00,PINTURA,False,17.7,63.0,11.7,0.79,270.1,29.7,OK
2025-02-12 06:55:00,PINTURA,False,17.7,61.2,8.9,0.79,384.2,37.8,PM2.5_out
2025-02-12 07:00:00,PINTURA,False,18.1,57.3,10.6,0.79,278.8,20.9,OK
2025-02-12 07:05:00,PINTURA,False,17.9,63.1,7.5,0.75,329.7,23.3,OK
2025-02-12 07:10:00,PINTURA,False,18.0,64.1,8.6,1.28,289.2,35.5,PM2.5_out
2025-02-12 07:15:00,PINTURA,False,18.5,58.7,12.0,0.69,139.8,39.2,PM2.5_out
2025-02-12 07:20:00,PINTURA,False,17.6,61.4,11.0,1.13,376.5,16.4,OK
2025-02-12 07:25:00,PINTURA,False,18.6,59.1,5.2,0.86,223.8,24.1,OK
2025-02-12 07:30:00,PINTURA,False,18.6,58.9,5.6,1.09,216.5,32.0,OK
2025-02-12 07:35:00,PINTURA,False,17.6,61.1,9.3,0.97,276.3,32.8,OK
2025-02-12 07:40:00,PINTURA,False,20.1,64.2,8.6,1.14,294.3,37.5,PM2.5_out
2025-02-12 07:45:00,PINTURA,False,18.8,58.2,5.3,1.56,351.7,39.6,PM2.5_out
2025-02-12 07:50:00,PINTURA,False,18.9,57.0,7.8,0.78,274.0,24.7,OK
2025-02-12 07:55:00,PINTURA,False,19.1,59.9,6.0,0.93,561.5,36.9,VOC_out;PM2.5_out
2025-02-12 08:00:00,PINTURA,True,18.0,57.7,7.3,1.37,136.1,21.1,OK
2025-02-12 08:05:00,PINTURA,True,19.7,61.3,11.1,0.87,218.0,36.5,PM2.5_out
2025-02-12 08:10:00,PINTURA,True,18.1,61.7,4.0,0.01,272.8,26.6,OK
2025-02-12 08:15:00,PINTURA,True,19.0,58.2,7.0,0.67,313.5,31.6,OK
2025-02-12 08:20:00,PINTURA,True,19.1,51.9,6.9,0.69,282.5,34.3,OK
2025-02-12 08:25:00,PINTURA,True,19.7,53.2,5.5,0.84,297.1,35.1,PM2.5_out
2025-02-12 08:30:00,PINTURA,True,20.1,54.0,5.2,0.61,193.2,31.0,OK
2025-02-12 08:35:00,PINTURA,True,20.4,58.5,5.2,1.5,280.2,30.6,OK
2025-02-12 08:40:00,PINTURA,True,20.1,55.5,2.7,1.46,327.9,17.9,OK
2025-02-12 08:45:00,PINTURA,True,18.3,54.6,1.6,0.31,273.2,31.6,OK
2025-02-12 08:50:00,PINTURA,True,20.1,58.7,4.1,0.52,401.6,22.8,VOC_out
2025-02-12 08:55:00,PINTURA,True,19.3,61.2,4.6,1.12,236.0,24.1,OK
2025-02-12 09:00:00,PINTURA,True,20.0,52.1,7.7,0.56,217.7,31.3,OK
2025-02-12 09:05:00,PINTURA,True,20.4,54.6,3.5,0.68,123.8,40.7,PM2.5_out
2025-02-12 09:10:00,PINTURA,True,20.9,57.4,4.8,0.56,210.3,35.9,PM2.5_out
2025-02-12 09:15:00,PINTURA,True,20.5,55.7,8.4,1.22,274.6,27.4,OK
2025-02-12 09:20:00,PINTURA,True,21.4,53.7,7.8,0.78,300.5,26.5,OK
2025-02-12 09:25:00,PINTURA,True,20.9,56.4,7.1,1.18,334.3,22.3,OK
2025-02-12 09:30:00,PINTURA,True,19.9,55.9,8.5,0.63,254.9,28.4,OK
2025-02-12 09:35:00,PINTURA,True,20.1,62.0,12.0,1.04,201.6,9.4,OK
2025-02-12 09:40:00,PINTURA,True,21.8,50.8,5.8,0.72,151.0,27.0,OK
2025-02-12 09:45:00,PINTURA,True,20.8,57.4,7.4,0.86,227.7,,OK
2025-02-12 09:50:00,PINTURA,True,22.2,58.0,5.7,0.67,170.7,26.7,OK
2025-02-12 09:55:00,PINTURA,True,22.9,55.6,5.6,0.72,226.5,15.9,OK
2025-02-12 10:00:00,PINTURA,True,22.5,51.5,4.0,0.77,146.3,24.7,OK
2025-02-12 10:05:00,PINTURA,True,22.3,54.2,9.8,0.88,216.1,40.0,PM2.5_out
2025-02-12 10:10:00,PINTURA,True,21.7,58.8,6.4,1.04,197.3,29.5,OK
2025-02-12 10:15:00,PINTURA,True,22.7,53.9,9.5,0.51,308.8,19.1,OK
2025-02-12 10:20:00,PINTURA,True,24.1,58.0,6.9,0.4,161.1,24.4,OK
2025-02-12 10:25:00,PINTURA,True,21.8,46.8,4.1,1.18,126.2,29.0,OK
2025-02-12 10:30:00,PINTURA,True,22.5,52.7,6.0,1.41,292.9,9.7,OK
2025-02-12 10:35:00,PINTURA,True,22.0,52.1,7.5,1.09,594.2,46.9,VOC_out;PM2.5_out
2025-02-12 10:40:00,PINTURA,True,22.7,57.4,6.5,1.19,292.2,30.1,OK
2025-02-12 10:45:00,PINTURA,True,22.0,53.0,1.9,0.69,230.4,30.1,OK
2025-02-12 10:50:00,PINTURA,True,22.7,50.5,6.0,0.98,182.0,34.2,OK
2025-02-12 10:55:00,PINTURA,True,23.3,58.1,5.1,0.93,225.9,32.5,OK
2025-02-12 11:00:00,PINTURA,True,23.7,52.8,5.1,0.85,213.3,39.5,PM2.5_out
2025-02-12 11:05:00,PINTURA,True,23.0,52.5,2.9,0.55,158.9,41.6,PM2.5_out
2025-02-12 11:10:00,PINTURA,True,22.1,52.0,10.2,0.31,240.9,21.5,OK
2025-02-12 11:15:00,PINTURA,True,23.5,53.4,8.2,1.17,326.9,12.5,OK
2025-02-12 11:20:00,PINTURA,True,24.5,54.0,4.1,1.03,,14.4,OK
2025-02-12 11:25:00,PINTURA,True,23.8,50.0,5.5,0.6,263.8,45.6,PM2.5_out
2025-02-12 11:30:00,PINTURA,True,23.6,49.0,8.9,0.91,551.2,19.4,VOC_out
2025-02-12 11:35:00,PINTURA,True,23.7,50.7,2.3,0.66,173.9,40.0,PM2.5_out
2025-02-12 11:40:00,PINTURA,True,23.4,52.2,9.5,1.08,313.6,19.5,OK
2025-02-12 11:45:00,PINTURA,True,24.5,48.1,6.8,0.96,143.0,38.4,PM2.5_out
2025-02-12 11:50:00,PINTURA,True,24.2,53.0,7.1,1.27,95.3,38.3,PM2.5_out
2025-02-12 11:55:00,PINTURA,True,25.6,57.4,5.6,0.84,235.8,29.9,OK
2025-02-12 12:00:00,PINTURA,False,25.5,48.0,9.3,0.78,281.9,22.9,OK
2025-02-12 12:05:00,PINTURA,False,24.6,50.9,13.9,0.81,288.1,37.2,PM2.5_out
2025-02-12 12:10:00,PINTURA,False,25.9,53.8,8.3,1.64,385.3,23.6,OK
2025-02-12 12:15:00,PINTURA,False,24.8,49.6,5.9,1.01,368.5,40.5,PM2.5_out
2025-02-12 12:20:00,PINTURA,False,24.7,50.3,6.4,0.83,379.8,23.3,OK
2025-02-12 12:25:00,PINTURA,False,25.0,53.3,11.1,1.07,418.2,39.1,VOC_out;PM2.5_out
2025-02-12 12:30:00,PINTURA,False,25.3,50.5,8.8,0.73,205.9,22.5,OK
2025-02-12 12:35:00,PINTURA,False,26.2,48.6,8.7,0.91,477.4,22.1,VOC_out
2025-02-12 12:40:00,PINTURA,False,24.8,48.0,6.4,1.11,243.2,33.6,OK
2025-02-12 12:45:00,PINTURA,False,25.6,46.3,12.2,0.02,347.9,28.2,OK
2025-02-12 12:50:00,PINTURA,False,26.9,56.0,8.4,0.4,488.7,33.1,VOC_out
2025-02-12 12:55:00,PINTURA,False,28.2,49.2,5.6,0.43,466.6,50.3,VOC_out;PM2.5_out
2025-02-12 13:00:00,PINTURA,False,27.1,46.4,2.8,0.7,447.2,20.6,VOC_out
2025-02-12 13:05:00,PINTURA,False,26.2,48.5,4.3,0.7,318.1,25.2,OK
2025-02-12 13:10:00,PINTURA,False,26.7,52.3,9.2,0.94,188.7,29.1,OK
2025-02-12 13:15:00,PINTURA,False,29.0,53.2,5.4,1.0,223.8,19.6,OK
2025-02-12 13:20:00,PINTURA,False,26.9,45.1,1.9,1.24,291.5,14.8,OK
2025-02-12 13:25:00,PINTURA,False,26.6,48.3,5.5,0.7,258.4,20.6,OK
2025-02-12 13:30:00,PINTURA,False,27.0,44.4,7.6,0.68,255.4,33.9,OK
2025-02-12 13:35:00,PINTURA,False,27.1,44.3,9.8,0.66,298.8,22.3,OK
2025-02-12 13:40:00,PINTURA,False,29.3,38.4,0.4,0.53,262.4,22.4,OK
2025-02-12 13:45:00,PINTURA,False,28.5,43.2,7.8,0.86,273.6,31.9,OK
2025-02-12 13:50:00,PINTURA,False,30.1,47.9,10.7,0.43,328.3,19.9,OK
2025-02-12 13:55:00,PINTURA,False,27.6,43.4,5.4,1.15,230.8,35.3,PM2.5_out
2025-02-12 14:00:00,PINTURA,True,28.0,48.5,4.7,0.88,288.5,43.4,PM2.5_out
2025-02-12 14:05:00,PINTURA,True,30.0,45.3,6.5,1.05,303.9,30.3,OK
2025-02-12 14:10:00,PINTURA,True,28.6,47.8,3.8,1.29,209.1,31.6,OK
2025-02-12 14:15:00,PINTURA,True,28.9,45.8,3.9,0.12,240.7,22.3,OK
2025-02-12 14:20:00,PINTURA,True,29.2,41.9,5.7,0.76,342.5,30.3,OK
2025-02-12 14:25:00,PINTURA,True,30.2,42.3,6.4,0.62,294.1,31.9,OK
2025-02-12 14:30:00,PINTURA,True,30.8,47.5,7.3,0.94,349.1,17.9,OK
2025-02-12 14:35:00,PINTURA,True,29.5,40.0,6.0,1.05,292.0,20.3,OK
2025-02-12 14:40:00,PINTURA,True,30.8,44.5,6.0,0.93,309.6,21.5,OK
2025-02-12 14:45:00,PINTURA,True,30.3,47.8,6.6,,201.8,29.7,OK
2025-02-12 14:50:00,PINTURA,True,28.8,44.3,4.0,0.75,238.0,23.8,OK
2025-02-12 14:55:00,PINTURA,True,29.5,44.0,1.3,1.08,188.5,29.5,OK
2025-02-12 15:00:00,PINTURA,True,30.3,37.9,4.0,0.81,245.7,24.1,OK
2025-02-12 15:05:00,PINTURA,True,29.9,43.0,4.9,1.31,276.7,36.8,PM2.5_out
2025-02-12 15:10:00,PINTURA,True,29.2,40.4,4.2,0.65,255.9,,OK
2025-02-12 15:15:00,PINTURA,True,30.4,44.5,3.4,1.35,408.1,19.9,VOC_out
2025-02-12 15:20:00,PINTURA,True,30.2,40.2,8.4,0.45,186.7,41.0,PM2.5_out
2025-02-12 15:25:00,PINTURA,True,29.7,41.1,4.1,0.88,160.5,44.6,PM2.5_out
2025-02-12 15:30:00,PINTURA,True,29.9,43.9,5.2,0.82,261.1,34.2,OK
2025-02-12 15:35:00,PINTURA,True,30.8,40.0,7.3,0.59,213.5,31.7,OK
2025-02-12 15:40:00,PINTURA,True,30.9,48.8,7.0,0.39,258.2,27.8,OK
2025-02-12 15:45:00,PINTURA,True,31.4,42.4,4.4,1.08,100.1,31.6,OK
2025-02-12 15:50:00,PINTURA,True,31.5,45.4,4.0,0.8,246.7,19.4,OK
2025-02-12 15:55:00,PINTURA,True,29.8,40.2,5.8,1.09,171.1,18.8,OK
2025-02-12 16:00:00,PINTURA,True,30.6,39.4,4.4,1.34,288.2,32.7,OK
2025-02-12 16:05:00,PINTURA,True,32.8,42.8,5.7,1.0,292.1,18.5,OK
2025-02-12 16:10:00,PINTURA,True,32.1,42.0,4.1,1.09,277.5,42.6,PM2.5_out
2025-02-12 16:15:00,PINTURA,True,33.5,35.0,6.9,0.69,303.6,21.7,OK
2025-02-12 16:20:00,PINTURA,True,31.0,39.6,2.8,1.23,294.7,32.4,OK
2025-02-12 16:25:00,PINTURA,True,31.1,43.6,5.5,1.26,205.1,18.1,OK
2025-02-12 16:30:00,PINTURA,True,31.5,42.7,6.7,0.97,142.4,27.9,OK
2025-02-12 16:35:00,PINTURA,True,32.4,41.4,6.7,0.73,288.2,31.3,OK
2025-02-12 16:40:00,PINTURA,True,32.2,39.3,11.4,0.82,261.7,24.6,OK
2025-02-12 16:45:00,PINTURA,True,31.1,37.9,5.5,0.85,86.3,23.0,OK
2025-02-12 16:50:00,PINTURA,True,31.7,37.6,6.3,0.94,124.3,25.8,OK
2025-02-12 16:55:00,PINTURA,True,30.9,42.4,5.8,0.8,152.6,38.4,PM2.5_out
2025-02-12 17:00:00,PINTURA,True,31.0,42.0,10.3,0.71,234.7,36.1,PM2.5_out
2025-02-12 17:05:00,PINTURA,True,31.5,38.6,8.3,0.75,145.5,36.8,PM2.5_out
2025-02-12 17:10:00,PINTURA,True,32.6,43.2,10.3,0.8,284.2,36.3,PM2.5_out
2025-02-12 17:15:00,PINTURA,True,32.0,44.4,4.7,1.17,205.6,40.2,PM2.5_out
2025-02-12 17:20:00,PINTURA,True,30.5,43.4,6.4,0.52,344.4,34.5,OK
2025-02-12 17:25:00,PINTURA,True,31.3,39.4,6.1,0.22,268.8,9.7,OK
2025-02-12 17:30:00,PINTURA,True,32.2,38.0,3.4,0.35,231.2,33.1,OK
2025-02-12 17:35:00,PINTURA,True,31.9,38.8,6.8,0.87,268.5,31.6,OK
2025-02-12 17:40:00,PINTURA,True,31.8,46.4,3.8,0.88,177.0,26.2,OK
2025-02-12 17:45:00,PINTURA,True,30.5,39.4,8.4,1.15,337.6,16.2,OK
2025-02-12 17:50:00,PINTURA,True,32.3,36.6,5.5,1.55,310.9,22.6,OK
2025-02-12 17:55:00,PINTURA,True,31.9,40.9,2.6,0.75,256.6,25.3,OK
2025-02-12 18:00:00,PINTURA,True,32.3,42.5,4.7,1.12,370.5,35.0,OK
2025-02-12 18:05:00,PINTURA,True,32.9,39.0,6.1,0.63,141.1,33.8,OK
2025-02-12 18:10:00,PINTURA,True,32.1,35.8,9.9,1.13,294.6,18.7,OK
2025-02-12 18:15:00,PINTURA,True,31.9,35.7,8.0,0.89,321.3,32.9,OK
2025-02-12 18:20:00,PINTURA,True,32.0,42.5,6.2,0.44,273.5,12.6,OK
2025-02-12 18:25:00,PINTURA,True,32.3,40.3,8.0,0.9,229.5,24.6,OK
2025-02-12 18:30:00,PINTURA,True,32.6,43.3,6.4,0.96,101.0,27.9,OK
2025-02-12 18:35:00,PINTURA,True,31.3,43.7,4.0,0.92,313.3,34.0,OK
2025-02-12 18:40:00,PINTURA,True,31.3,38.8,6.9,0.72,211.2,25.9,OK
2025-02-12 18:45:00,PINTURA,True,32.4,40.7,7.9,1.24,235.2,32.5,OK
2025-02-12 18:50:00,PINTURA,True,31.8,40.8,12.9,1.14,,30.4,OK
2025-02-12 18:55:00,PINTURA,True,32.9,40.5,6.7,1.01,306.8,31.9,OK
2025-02-12 19:00:00,PINTURA,True,32.4,42.5,4.9,0.59,162.0,33.3,OK
2025-02-12 19:05:00,PINTURA,True,33.4,44.5,8.1,0.68,173.3,25.7,OK
2025-02-12 19:10:00,PINTURA,True,32.2,42.6,7.6,1.05,192.2,35.0,PM2.5_out
2025-02-12 19:15:00,PINTURA,True,31.8,40.0,9.6,1.31,286.5,40.4,PM2.5_out
2025-02-12 19:20:00,PINTURA,True,31.6,40.7,7.7,1.11,312.9,26.7,OK
2025-02-12 19:25:00,PINTURA,True,31.2,39.4,2.2,0.75,273.9,9.9,OK
2025-02-12 19:30:00,PINTURA,True,31.4,39.8,5.9,0.85,210.3,33.3,OK
2025-02-12 19:35:00,PINTURA,True,31.3,40.3,8.9,1.17,230.3,28.2,OK
2025-02-12 19:40:00,PINTURA,True,32.1,43.3,9.8,0.41,333.6,31.9,OK
2025-02-12 19:45:00,PINTURA,True,32.1,44.8,4.1,0.38,164.1,21.6,OK
2025-02-12 19:50:00,PINTURA,True,30.6,41.2,5.5,1.12,292.6,24.3,OK
2025-02-12 19:55:00,PINTURA,True,31.4,42.6,7.5,0.84,232.8,28.5,OK
2025-02-12 20:00:00,PINTURA,False,31.5,45.6,6.8,0.52,364.1,26.6,OK
2025-02-12 20:05:00,PINTURA,False,30.5,42.1,7.2,0.75,322.3,27.6,OK
2025-02-12 20:10:00,PINTURA,False,29.9,42.8,10.7,0.7,412.8,24.1,VOC_out
2025-02-12 20:15:00,PINTURA,False,29.5,42.8,11.0,0.95,367.8,27.0,OK
2025-02-12 20:20:00,PINTURA,False,31.7,43.7,11.4,0.76,326.3,33.5,OK
2025-02-12 20:25:00,PINTURA,False,29.8,39.6,9.5,0.93,523.8,32.3,VOC_out
2025-02-12 20:30:00,PINTURA,False,31.0,41.7,5.0,1.28,432.6,17.9,VOC_out
2025-02-12 20:35:00,PINTURA,False,28.7,46.5,7.6,0.86,344.4,29.7,OK
2025-02-12 20:40:00,PINTURA,False,30.5,38.1,5.0,0.77,389.8,22.2,OK
2025-02-12 20:45:00,PINTURA,False,30.5,49.1,6.5,0.65,330.5,31.0,OK
2025-02-12 20:50:00,PINTURA,False,30.0,42.1,9.7,0.66,257.8,37.5,PM2.5_out
2025-02-12 20:55:00,PINTURA,False,29.5,44.7,8.5,0.77,164.9,34.6,OK
2025-02-12 21:00:00,PINTURA,False,30.2,45.4,14.6,1.11,505.8,22.7,VOC_out
2025-02-12 21:05:00,PINTURA,False,29.3,45.3,8.8,1.04,280.5,28.7,OK
2025-02-12 21:10:00,PINTURA,False,28.8,44.7,9.2,0.36,373.0,31.1,OK
2025-02-12 21:15:00,PINTURA,False,29.0,43.5,7.9,1.36,433.8,31.6,VOC_out
2025-02-12 21:20:00,PINTURA,False,28.3,43.9,10.3,0.64,280.5,21.2,OK
2025-02-12 21:25:00,PINTURA,False,29.4,39.2,13.0,0.64,627.7,32.2,VOC_out
2025-02-12 21:30:00,PINTURA,False,,45.8,8.5,0.75,366.7,30.6,OK
2025-02-12 21:35:00,PINTURA,False,28.3,41.1,12.6,1.42,367.5,20.4,OK
2025-02-12 21:40:00,PINTURA,False,28.8,42.6,7.7,0.99,323.0,30.9,OK
2025-02-12 21:45:00,PINTURA,False,28.8,37.9,,0.87,225.0,24.4,OK
2025-02-12 21:50:00,PINTURA,False,30.1,42.5,7.8,0.63,436.0,20.8,VOC_out
2025-02-12 21:55:00,PINTURA,False,29.6,44.3,7.7,0.85,388.6,24.8,OK
2025-02-12 22:00:00,PINTURA,False,30.5,47.6,1.9,1.48,336.4,20.4,OK
2025-02-12 22:05:00,PINTURA,False,29.2,48.8,2.6,1.06,392.4,22.3,OK
2025-02-12 22:10:00,PINTURA,False,28.3,45.8,7.6,0.67,28.1,39.8,PM2.5_out
2025-02-12 22:15:00,PINTURA,False,28.0,46.7,10.3,0.7,325.7,17.6,OK
2025-02-12 22:20:00,PINTURA,False,28.0,46.9,7.9,0.98,281.9,34.2,OK
2025-02-12 22:25:00,PINTURA,False,27.2,44.7,5.5,1.09,143.6,31.7,OK
2025-02-12 22:30:00,PINTURA,False,28.1,46.2,5.1,0.46,369.0,40.2,PM2.5_out
2025-02-12 22:35:00,PINTURA,False,27.9,48.4,10.3,0.92,231.4,44.0,PM2.5_out
2025-02-12 22:40:00,PINTURA,False,28.1,48.1,4.9,1.02,447.5,26.8,VOC_out
2025-02-12 22:45:00,PINTURA,False,27.1,44.2,10.5,1.18,307.2,30.5,OK
2025-02-12 22:50:00,PINTURA,False,28.0,44.9,10.1,0.44,380.0,28.5,OK
2025-02-12 22:55:00,PINTURA,False,27.0,52.1,12.5,1.49,267.9,19.2,OK
2025-02-12 23:00:00,PINTURA,False,26.2,46.6,15.4,0.68,394.0,24.5,OK
2025-02-12 23:05:00,PINTURA,False,26.8,42.3,7.2,0.67,447.5,50.1,VOC_out;PM2.5_out
2025-02-12 23:10:00,PINTURA,False,25.7,51.6,7.7,0.65,178.3,31.4,OK
2025-02-12 23:15:00,PINTURA,False,26.7,50.5,12.3,0.98,375.6,15.6,OK
2025-02-12 23:20:00,PINTURA,False,26.4,42.4,7.9,0.52,171.7,33.1,OK
2025-02-12 23:25:00,PINTURA,False,25.3,41.8,3.3,1.32,309.7,36.4,PM2.5_out
2025-02-12 23:30:00,PINTURA,False,26.4,56.8,5.7,0.66,343.4,33.7,OK
2025-02-12 23:35:00,PINTURA,False,24.5,52.1,9.2,0.84,221.7,16.3,OK
2025-02-12 23:40:00,PINTURA,False,26.5,49.7,4.4,0.46,290.2,30.1,OK
2025-02-12 23:45:00,PINTURA,False,24.4,46.7,14.1,0.64,454.7,14.9,VOC_out
2025-02-12 23:50:00,PINTURA,False,23.7,49.2,11.9,0.2,400.6,26.0,VOC_out
2025-02-12 23:55:00,PINTURA,False,25.3,52.2,5.2,0.79,413.1,5.7,VOC_out
2025-02-13 00:00:00,PINTURA,False,24.8,47.5,5.4,0.77,466.7,13.3,VOC_out
2025-02-13 00:05:00,PINTURA,False,24.3,49.8,8.4,0.27,291.6,30.7,OK
2025-02-13 00:10:00,PINTURA,False,24.9,54.6,6.7,0.74,410.2,36.8,VOC_out;PM2.5_out
2025-02-13 00:15:00,PINTURA,False,26.2,50.6,7.7,0.95,265.8,27.1,OK
2025-02-13 00:20:00,PINTURA,False,23.5,54.6,10.0,1.21,432.3,33.5,VOC_out
2025-02-13 00:25:00,PINTURA,False,26.3,48.8,7.4,0.53,218.4,43.1,PM2.5_out
2025-02-13 00:30:00,PINTURA,False,23.7,50.9,12.3,0.25,245.3,19.9,OK
2025-02-13 00:35:00,PINTURA,False,24.0,49.5,10.6,0.76,477.3,33.1,VOC_out
2025-02-13 00:40:00,PINTURA,False,22.7,53.6,11.1,1.34,374.8,38.0,PM2.5_out
2025-02-13 00:45:00,PINTURA,False,23.5,55.3,4.5,0.7,349.6,29.5,OK
2025-02-13 00:50:00,PINTURA,False,23.9,55.2,3.7,0.66,303.8,31.2,OK
2025-02-13 00:55:00,PINTURA,False,23.4,54.5,7.9,1.13,285.7,32.0,OK
2025-02-13 01:00:00,PINTURA,False,22.6,54.1,13.4,0.69,313.3,24.5,OK
2025-02-13 01:05:00,PINTURA,False,23.9,56.8,11.6,0.69,,38.1,PM2.5_out
2025-02-13 01:10:00,PINTURA,False,22.7,54.8,10.2,0.6,381.4,17.8,OK
2025-02-13 01:15:00,PINTURA,False,23.8,48.5,11.7,0.83,473.1,24.8,VOC_out
2025-02-13 01:20:00,PINTURA,False,22.3,55.2,4.7,0.79,244.4,29.1,OK
2025-02-13 01:25:00,PINTURA,False,22.2,51.7,3.7,0.85,336.1,35.5,PM2.5_out
2025-02-13 01:30:00,PINTURA,False,22.7,52.4,11.9,0.83,393.0,19.1,OK
2025-02-13 01:35:00,PINTURA,False,22.2,49.4,6.2,0.33,295.1,35.5,PM2.5_out
2025-02-13 01:40:00,PINTURA,False,21.7,55.1,5.6,0.99,394.0,27.0,OK
2025-02-13 01:45:00,PINTURA,False,21.8,54.3,9.8,0.38,196.1,36.1,PM2.5_out
2025-02-13 01:50:00,PINTURA,False,22.0,57.9,7.3,0.71,527.1,45.3,VOC_out;PM2.5_out
2025-02-13 01:55:00,PINTURA,False,21.4,54.8,7.6,1.18,350.5,35.6,PM2.5_out
2025-02-13 02:00:00,PINTURA,False,21.6,53.6,9.0,0.98,316.0,30.7,OK
2025-02-13 02:05:00,PINTURA,False,20.7,57.8,8.5,1.26,255.8,30.8,OK
2025-02-13 02:10:00,PINTURA,False,20.3,57.2,3.1,0.66,296.1,33.2,OK
2025-02-13 02:15:00,PINTURA,False,21.0,54.6,6.6,0.63,386.7,32.9,OK
2025-02-13 02:20:00,PINTURA,False,21.3,57.2,10.2,1.15,920.9,21.2,VOC_out
2025-02-13 02:25:00,PINTURA,False,20.0,55.8,5.9,0.85,203.1,30.0,OK
2025-02-13 02:30:00,PINTURA,False,20.4,53.9,7.0,1.42,311.2,32.5,OK
2025-02-13 02:35:00,PINTURA,False,19.0,58.8,7.1,0.52,219.0,,OK
2025-02-13 02:40:00,PINTURA,False,21.2,53.0,0.3,1.02,211.1,27.1,OK
2025-02-13 02:45:00,PINTURA,False,20.3,52.9,8.3,0.99,328.1,16.9,OK
2025-02-13 02:50:00,PINTURA,False,20.0,54.9,6.2,1.16,274.9,6.9,OK
2025-02-13 02:55:00,PINTURA,False,21.2,52.8,9.8,0.99,350.1,26.4,OK
2025-02-13 03:00:00,PINTURA,False,18.6,56.0,8.8,1.01,382.5,25.4,OK
2025-02-13 03:05:00,PINTURA,False,19.7,63.1,5.6,0.85,207.4,40.2,PM2.5_out
2025-02-13 03:10:00,PINTURA,False,19.2,61.8,9.4,1.1,272.2,16.6,OK
2025-02-13 03:15:00,PINTURA,False,20.1,62.5,6.5,0.66,295.1,32.8,OK
2025-02-13 03:20:00,PINTURA,False,19.9,52.8,5.9,1.08,124.8,29.5,OK
2025-02-13 03:25:00,PINTURA,False,18.8,59.4,3.6,1.37,296.8,36.6,PM2.5_out
2025-02-13 03:30:00,PINTURA,False,18.7,65.1,9.3,0.59,205.2,24.6,OK
2025-02-13 03:35:00,PINTURA,False,17.9,56.2,7.5,1.02,300.0,32.8,OK
2025-02-13 03:40:00,PINTURA,False,19.6,58.3,6.5,0.93,315.8,20.1,OK
2025-02-13 03:45:00,PINTURA,False,18.8,62.7,3.3,,151.1,31.6,OK
2025-02-13 03:50:00,PINTURA,False,19.2,61.7,11.3,0.83,219.8,29.1,OK
2025-02-13 03:55:00,PINTURA,False,18.7,61.7,7.2,1.07,355.5,24.1,OK
2025-02-13 04:00:00,PINTURA,False,19.1,53.8,9.0,1.03,400.1,37.1,VOC_out;PM2.5_out
2025-02-13 04:05:00,PINTURA,False,17.9,62.2,8.9,0.54,490.6,29.1,VOC_out
2025-02-13 04:10:00,PINTURA,False,18.8,62.3,3.9,0.88,351.6,33.6,OK
2025-02-13 04:15:00,PINTURA,False,19.3,55.6,10.1,0.94,260.9,40.5,PM2.5_out
2025-02-13 04:20:00,PINTURA,False,17.7,58.8,7.2,1.08,237.2,38.5,PM2.5_out
2025-02-13 04:25:00,PINTURA,False,18.7,57.1,7.4,0.82,205.3,36.6,PM2.5_out
2025-02-13 04:30:00,PINTURA,False,18.9,58.6,2.2,0.63,412.5,26.4,VOC_out
2025-02-13 04:35:00,PINTURA,False,17.9,60.1,11.7,1.14,197.5,30.8,OK
2025-02-13 04:40:00,PINTURA,False,17.9,55.0,8.3,0.48,250.1,32.4,OK
2025-02-13 04:45:00,PINTURA,False,19.6,53.6,7.4,0.61,308.5,34.8,OK
2025-02-13 04:50:00,PINTURA,False,17.0,62.0,5.9,1.03,434.8,32.6,VOC_out
2025-02-13 04:55:00,PINTURA,False,18.5,57.9,7.8,0.9,374.9,23.6,OK
2025-02-13 05:00:00,PINTURA,False,19.8,58.5,9.9,0.85,307.7,26.1,OK
2025-02-13 05:05:00,PINTURA,False,18.1,59.8,7.8,0.56,377.0,26.4,OK
2025-02-13 05:10:00,PINTURA,False,18.7,,9.4,1.08,493.1,25.0,VOC_out
2025-02-13 05:15:00,PINTURA,False,19.2,58.4,4.7,0.97,289.7,34.2,OK
2025-02-13 05:20:00,PINTURA,False,18.1,58.9,2.5,1.39,422.9,13.8,VOC_out
2025-02-13 05:25:00,PINTURA,False,17.0,58.9,5.7,1.01,375.4,23.1,OK
2025-02-13 05:30:00,PINTURA,False,18.3,60.3,6.9,0.38,432.1,25.5,VOC_out
2025-02-13 05:35:00,PINTURA,False,19.2,60.5,4.9,0.83,333.2,38.1,PM2.5_out
2025-02-13 05:40:00,PINTURA,False,17.2,58.4,7.8,0.77,257.9,20.1,OK
2025-02-13 05:45:00,PINTURA,False,17.4,58.2,7.2,0.75,226.0,32.2,OK
2025-02-13 05:50:00,PINTURA,False,17.9,62.3,2.3,0.74,302.5,28.9,OK
2025-02-13 05:55:00,PINTURA,False,18.7,57.3,10.2,0.85,229.0,22.7,OK
2025-02-12 06:00:00,ENSAMBLE,False,18.6,62.2,4.2,0.52,120.8,23.6,OK
2025-02-12 06:05:00,ENSAMBLE,False,18.4,59.5,5.3,0.54,104.8,24.3,OK
2025-02-12 06:10:00,ENSAMBLE,False,18.1,55.7,4.7,0.64,120.2,25.4,OK
2025-02-12 06:15:00,ENSAMBLE,False,18.3,65.3,1.6,0.68,162.9,17.2,OK
2025-02-12 06:20:00,ENSAMBLE,False,18.4,58.9,8.3,0.55,156.2,14.6,OK
2025-02-12 06:25:00,ENSAMBLE,False,18.9,60.6,7.2,0.43,104.2,22.6,OK
2025-02-12 06:30:00,ENSAMBLE,False,18.6,61.7,4.2,0.5,179.7,19.7,OK
2025-02-12 06:35:00,ENSAMBLE,False,,58.6,6.1,0.76,101.9,12.9,OK
2025-02-12 06:40:00,ENSAMBLE,False,17.5,56.6,4.9,0.56,115.7,16.6,OK
2025-02-12 06:45:00,ENSAMBLE,False,18.5,60.8,1.2,0.76,143.8,10.7,OK
2025-02-12 06:50:00,ENSAMBLE,False,17.6,60.9,0.3,0.78,81.8,15.0,OK
2025-02-12 06:55:00,ENSAMBLE,False,18.9,55.0,9.8,0.86,51.8,23.1,OK
2025-02-12 07:00:00,ENSAMBLE,False,17.4,55.8,4.2,0.49,204.9,11.4,OK
2025-02-12 07:05:00,ENSAMBLE,False,17.5,63.0,6.9,0.7,55.1,11.9,OK
2025-02-12 07:10:00,ENSAMBLE,False,17.4,60.6,4.0,0.43,154.1,19.3,OK
2025-02-12 07:15:00,ENSAMBLE,False,18.8,59.6,5.1,0.89,76.6,24.6,OK
2025-02-12 07:20:00,ENSAMBLE,False,16.9,59.4,3.3,0.08,60.1,13.3,OK
2025-02-12 07:25:00,ENSAMBLE,False,19.9,61.4,5.8,0.45,124.7,9.9,OK
2025-02-12 07:30:00,ENSAMBLE,False,18.7,62.5,4.3,0.57,91.3,22.0,OK
2025-02-12 07:35:00,ENSAMBLE,False,19.7,55.0,3.5,0.51,103.8,13.8,OK
2025-02-12 07:40:00,ENSAMBLE,False,18.3,60.6,5.8,0.31,128.8,23.8,OK
2025-02-12 07:45:00,ENSAMBLE,False,20.4,58.3,9.7,0.98,166.3,19.8,OK
2025-02-12 07:50:00,ENSAMBLE,False,18.3,48.8,7.6,0.52,176.2,18.8,OK
2025-02-12 07:55:00,ENSAMBLE,False,18.5,55.0,2.1,0.43,130.8,13.1,OK
2025-02-12 08:00:00,ENSAMBLE,True,19.3,58.3,5.5,0.09,67.1,20.4,OK
2025-02-12 08:05:00,ENSAMBLE,True,19.2,60.5,3.4,0.9,166.6,9.4,OK
2025-02-12 08:10:00,ENSAMBLE,True,18.2,61.4,,0.49,109.3,,OK
2025-02-12 08:15:00,ENSAMBLE,True,19.6,57.4,1.8,0.27,18.6,26.8,OK
2025-02-12 08:20:00,ENSAMBLE,True,20.7,61.0,4.5,0.49,165.5,16.4,OK
2025-02-12 08:25:00,ENSAMBLE,True,20.2,61.4,3.1,0.59,43.9,22.1,OK
2025-02-12 08:30:00,ENSAMBLE,True,18.4,56.7,4.8,0.49,88.8,16.0,OK
2025-02-12 08:35:00,ENSAMBLE,True,19.8,59.1,4.6,0.55,119.4,21.8,OK
2025-02-12 08:40:00,ENSAMBLE,True,19.7,60.8,5.3,0.37,59.3,12.7,OK
2025-02-12 08:45:00,ENSAMBLE,True,18.8,56.4,3.8,0.6,77.6,16.0,OK
2025-02-12 08:50:00,ENSAMBLE,True,19.4,57.9,3.6,0.85,113.8,14.1,OK
2025-02-12 08:55:00,ENSAMBLE,True,20.7,54.8,5.9,0.46,22.9,20.1,OK
2025-02-12 09:00:00,ENSAMBLE,True,20.2,60.8,4.1,0.45,81.6,18.5,OK
2025-02-12 09:05:00,ENSAMBLE,True,19.3,52.8,4.3,0.28,69.9,19.7,OK
2025-02-12 09:10:00,ENSAMBLE,True,19.3,60.7,1.5,0.52,74.1,26.9,OK
2025-02-12 09:15:00,ENSAMBLE,True,19.1,59.7,2.9,0.63,127.4,21.0,OK
2025-02-12 09:20:00,ENSAMBLE,True,20.8,53.3,4.4,0.64,88.3,18.0,OK
2025-02-12 09:25:00,ENSAMBLE,True,20.8,55.1,2.8,0.61,94.2,23.1,OK
2025-02-12 09:30:00,ENSAMBLE,True,21.7,59.9,2.1,0.21,112.8,14.8,OK
2025-02-12 09:35:00,ENSAMBLE,True,20.6,55.7,4.8,0.62,71.2,14.9,OK
2025-02-12 09:40:00,ENSAMBLE,True,21.2,51.1,3.1,0.16,125.6,19.2,OK
2025-02-12 09:45:00,ENSAMBLE,True,21.5,57.3,6.4,0.53,55.7,7.9,OK
2025-02-12 09:50:00,ENSAMBLE,True,22.7,57.7,2.4,0.37,3.8,8.1,OK
2025-02-12 09:55:00,ENSAMBLE,True,22.9,56.3,7.7,0.78,13.2,23.8,OK
2025-02-12 10:00:00,ENSAMBLE,True,20.8,53.0,4.2,0.6,99.7,10.4,OK
2025-02-12 10:05:00,ENSAMBLE,True,20.2,53.1,3.9,0.55,61.7,21.6,OK
2025-02-12 10:10:00,ENSAMBLE,True,22.1,55.8,4.0,0.51,78.0,20.0,OK
2025-02-12 10:15:00,ENSAMBLE,True,21.1,57.3,1.1,0.25,100.3,17.1,OK
2025-02-12 10:20:00,ENSAMBLE,True,22.9,50.3,6.3,0.66,87.7,21.1,OK
2025-02-12 10:25:00,ENSAMBLE,True,21.8,54.6,4.2,0.58,90.6,25.7,OK
2025-02-12 10:30:00,ENSAMBLE,True,22.9,53.5,2.5,0.48,95.6,11.2,OK
2025-02-12 10:35:00,ENSAMBLE,True,22.2,51.2,1.2,0.37,89.3,16.7,OK
2025-02-12 10:40:00,ENSAMBLE,True,21.6,53.6,3.1,0.55,70.0,19.6,OK
2025-02-12 10:45:00,ENSAMBLE,True,22.9,54.8,4.9,0.62,43.4,11.5,OK
2025-02-12 10:50:00,ENSAMBLE,True,22.6,55.9,1.6,0.53,61.5,14.0,OK
2025-02-12 10:55:00,ENSAMBLE,True,23.2,58.5,2.6,0.48,87.0,20.3,OK
2025-02-12 11:00:00,ENSAMBLE,True,24.2,52.8,1.5,,139.7,19.2,OK
2025-02-12 11:05:00,ENSAMBLE,True,24.5,53.8,3.1,0.36,,19.6,OK
2025-02-12 11:10:00,ENSAMBLE,True,23.5,52.6,1.7,0.23,112.0,17.4,OK
2025-02-12 11:15:00,ENSAMBLE,True,23.4,55.9,3.1,0.22,118.2,12.7,OK
2025-02-12 11:20:00,ENSAMBLE,True,23.0,50.7,4.8,0.42,97.4,12.2,OK
2025-02-12 11:25:00,ENSAMBLE,True,22.6,50.6,4.7,0.57,84.1,21.2,OK
2025-02-12 11:30:00,ENSAMBLE,True,25.2,43.6,3.4,0.68,52.8,20.9,OK
2025-02-12 11:35:00,ENSAMBLE,True,24.2,47.3,3.8,0.28,67.9,8.9,OK
2025-02-12 11:40:00,ENSAMBLE,True,25.6,50.8,2.3,0.25,145.5,20.6,OK
2025-02-12 11:45:00,ENSAMBLE,True,25.2,52.8,4.5,0.39,127.1,23.1,OK
2025-02-12 11:50:00,ENSAMBLE,True,23.9,51.5,4.4,0.38,115.3,15.2,OK
2025-02-12 11:55:00,ENSAMBLE,True,23.7,58.5,3.4,0.74,71.6,24.0,OK
2025-02-12 12:00:00,ENSAMBLE,False,25.5,51.5,1.7,0.76,76.1,22.6,OK
2025-02-12 12:05:00,ENSAMBLE,False,27.1,47.9,3.9,0.51,133.9,18.2,OK
2025-02-12 12:10:00,ENSAMBLE,False,25.7,47.2,6.2,0.31,65.2,13.5,OK
2025-02-12 12:15:00,ENSAMBLE,False,26.2,50.3,3.7,0.49,128.1,18.4,OK
2025-02-12 12:20:00,ENSAMBLE,False,24.7,45.8,4.9,0.79,133.4,21.0,OK
2025-02-12 12:25:00,ENSAMBLE,False,26.3,48.5,3.6,0.59,121.2,11.5,OK
2025-02-12 12:30:00,ENSAMBLE,False,25.0,49.6,1.8,0.73,143.5,30.1,OK
2025-02-12 12:35:00,ENSAMBLE,False,26.4,53.0,6.9,0.52,147.0,21.1,OK
2025-02-12 12:40:00,ENSAMBLE,False,26.9,50.6,7.0,0.09,177.2,15.8,OK
2025-02-12 12:45:00,ENSAMBLE,False,26.8,49.6,6.3,0.51,204.3,15.7,OK
2025-02-12 12:50:00,ENSAMBLE,False,25.8,45.0,1.1,0.63,108.6,15.6,OK
2025-02-12 12:55:00,ENSAMBLE,False,25.8,47.2,3.7,0.45,221.2,14.3,OK
2025-02-12 13:00:00,ENSAMBLE,False,27.7,44.5,1.5,0.12,,32.3,OK
2025-02-12 13:05:00,ENSAMBLE,False,26.6,42.3,8.5,0.39,80.4,21.0,OK
2025-02-12 13:10:00,ENSAMBLE,False,26.1,45.7,3.7,0.48,123.2,9.9,OK
2025-02-12 13:15:00,ENSAMBLE,False,27.7,46.4,5.0,0.66,82.2,14.1,OK
2025-02-12 13:20:00,ENSAMBLE,False,27.8,49.3,6.3,0.32,159.9,18.1,OK
2025-02-12 13:25:00,ENSAMBLE,False,28.4,42.0,6.1,0.71,174.7,19.1,OK
2025-02-12 13:30:00,ENSAMBLE,False,27.8,46.0,2.9,0.24,87.0,20.3,OK
2025-02-12 13:35:00,ENSAMBLE,False,27.0,48.3,6.7,0.32,105.4,21.4,OK
2025-02-12 13:40:00,ENSAMBLE,False,28.2,48.6,5.8,0.53,155.7,25.1,OK
2025-02-12 13:45:00,ENSAMBLE,False,28.3,41.6,6.3,0.35,70.3,14.0,OK
2025-02-12 13:50:00,ENSAMBLE,False,28.8,48.9,5.9,0.53,96.4,14.6,OK
2025-02-12 13:55:00,ENSAMBLE,False,27.2,46.3,3.9,0.54,40.7,10.5,OK
2025-02-12 14:00:00,ENSAMBLE,True,29.1,41.8,4.7,0.31,101.1,14.9,OK
2025-02-12 14:05:00,ENSAMBLE,True,28.9,41.4,3.7,0.67,88.1,,OK
2025-02-12 14:10:00,ENSAMBLE,True,29.2,46.6,4.8,0.46,76.4,16.1,OK
2025-02-12 14:15:00,ENSAMBLE,True,28.2,42.3,2.6,0.58,60.3,10.7,OK
2025-02-12 14:20:00,ENSAMBLE,True,28.8,42.5,4.2,0.19,104.9,56.0,PM2.5_out
2025-02-12 14:25:00,ENSAMBLE,True,28.1,45.0,3.6,0.22,57.5,11.4,OK
2025-02-12 14:30:00,ENSAMBLE,True,29.3,45.5,5.7,0.65,73.9,12.9,OK
2025-02-12 14:35:00,ENSAMBLE,True,29.3,42.7,3.7,0.71,91.9,19.7,OK
2025-02-12 14:40:00,ENSAMBLE,True,29.8,37.1,1.1,0.5,59.0,17.7,OK
2025-02-12 14:45:00,ENSAMBLE,True,30.3,38.6,5.7,0.51,46.6,21.2,OK
2025-02-12 14:50:00,ENSAMBLE,True,29.9,42.3,4.0,0.42,82.5,13.4,OK
2025-02-12 14:55:00,ENSAMBLE,True,28.9,41.6,2.6,0.52,97.6,18.0,OK
2025-02-12 15:00:00,ENSAMBLE,True,30.3,33.4,1.9,0.4,124.2,28.6,OK
2025-02-12 15:05:00,ENSAMBLE,True,30.8,43.3,2.0,0.6,96.7,15.6,OK
2025-02-12 15:10:00,ENSAMBLE,True,29.5,42.0,4.0,0.26,70.8,19.6,OK
2025-02-12 15:15:00,ENSAMBLE,True,30.4,44.0,5.4,0.33,22.1,22.7,OK
2025-02-12 15:20:00,ENSAMBLE,True,31.1,46.5,4.7,0.59,97.3,17.7,OK
2025-02-12 15:25:00,ENSAMBLE,True,30.7,37.7,3.6,0.46,52.1,14.0,OK
2025-02-12 15:30:00,ENSAMBLE,True,31.6,36.7,3.0,0.54,92.6,20.7,OK
2025-02-12 15:35:00,ENSAMBLE,True,31.4,42.3,4.6,0.73,62.4,15.3,OK
2025-02-12 15:40:00,ENSAMBLE,True,31.8,39.8,3.2,0.42,101.6,16.2,OK
2025-02-12 15:45:00,ENSAMBLE,True,30.1,40.7,1.3,0.84,91.9,8.7,OK
2025-02-12 15:50:00,ENSAMBLE,True,29.9,45.4,3.5,0.61,97.1,15.2,OK
2025-02-12 15:55:00,ENSAMBLE,True,30.3,40.7,2.4,0.33,104.6,22.1,OK
2025-02-12 16:00:00,ENSAMBLE,True,32.3,41.3,4.3,0.11,58.5,31.3,OK
2025-02-12 16:05:00,ENSAMBLE,True,32.6,43.9,2.5,0.47,140.1,16.7,OK
2025-02-12 16:10:00,ENSAMBLE,True,30.2,43.4,0.7,0.41,47.0,14.1,OK
2025-02-12 16:15:00,ENSAMBLE,True,31.0,36.5,3.7,0.0,92.0,10.5,OK
2025-02-12 16:20:00,ENSAMBLE,True,32.6,42.0,6.1,0.57,110.9,14.4,OK
2025-02-12 16:25:00,ENSAMBLE,True,30.0,44.6,1.8,0.3,86.0,20.8,OK
2025-02-12 16:30:00,ENSAMBLE,True,33.0,42.6,1.5,0.44,92.5,21.7,OK
2025-02-12 16:35:00,ENSAMBLE,True,31.8,43.6,2.9,0.57,78.6,4.9,OK
2025-02-12 16:40:00,ENSAMBLE,True,30.7,39.4,4.1,0.43,105.3,13.6,OK
2025-02-12 16:45:00,ENSAMBLE,True,32.3,40.9,4.3,0.51,111.6,24.2,OK
2025-02-12 16:50:00,ENSAMBLE,True,32.5,46.7,2.4,0.61,109.8,15.3,OK
2025-02-12 16:55:00,ENSAMBLE,True,32.1,41.9,6.9,0.14,89.7,12.5,OK
2025-02-12 17:00:00,ENSAMBLE,True,30.9,40.4,3.0,0.65,132.3,28.0,OK
2025-02-12 17:05:00,ENSAMBLE,True,31.1,38.5,4.3,0.33,92.9,14.6,OK
2025-02-12 17:10:00,ENSAMBLE,True,32.3,42.3,3.6,0.2,108.6,22.6,OK
2025-02-12 17:15:00,ENSAMBLE,True,31.1,39.0,3.2,0.2,76.8,14.7,OK
2025-02-12 17:20:00,ENSAMBLE,True,31.6,39.5,4.1,0.49,51.2,17.5,OK
2025-02-12 17:25:00,ENSAMBLE,True,31.3,38.9,3.5,0.48,119.5,20.3,OK
2025-02-12 17:30:00,ENSAMBLE,True,32.3,42.1,3.6,0.55,143.1,21.0,OK
2025-02-12 17:35:00,ENSAMBLE,True,32.5,36.3,1.9,0.78,109.0,20.0,OK
2025-02-12 17:40:00,ENSAMBLE,True,31.6,36.9,5.4,0.65,90.0,18.6,OK
2025-02-12 17:45:00,ENSAMBLE,True,30.5,42.3,6.8,0.62,115.8,14.4,OK
2025-02-12 17:50:00,ENSAMBLE,True,32.4,40.3,2.0,0.32,71.6,29.3,OK
2025-02-12 17:55:00,ENSAMBLE,True,31.1,40.3,9.1,0.41,64.3,7.2,OK
2025-02-12 18:00:00,ENSAMBLE,True,31.6,39.3,3.1,0.67,54.7,13.9,OK
2025-02-12 18:05:00,ENSAMBLE,True,31.7,44.5,4.2,0.32,73.5,23.4,OK
2025-02-12 18:10:00,ENSAMBLE,True,30.3,38.9,4.2,0.84,57.7,25.2,OK
2025-02-12 18:15:00,ENSAMBLE,True,30.8,36.5,3.2,0.71,51.2,16.7,OK
2025-02-12 18:20:00,ENSAMBLE,True,31.9,43.5,3.0,0.79,49.0,18.0,OK
2025-02-12 18:25:00,ENSAMBLE,True,31.9,38.4,4.7,0.61,118.7,14.8,OK
2025-02-12 18:30:00,ENSAMBLE,True,32.2,41.6,0.9,0.28,95.2,14.3,OK
2025-02-12 18:35:00,ENSAMBLE,True,33.2,41.4,3.1,0.3,48.7,12.6,OK
2025-02-12 18:40:00,ENSAMBLE,True,32.8,46.8,4.1,0.29,86.3,14.5,OK
2025-02-12 18:45:00,ENSAMBLE,True,31.6,43.1,5.5,0.14,98.1,21.3,OK
2025-02-12 18:50:00,ENSAMBLE,True,30.8,38.5,3.2,0.28,64.5,18.0,OK
2025-02-12 18:55:00,ENSAMBLE,True,30.7,39.7,4.0,0.62,102.2,17.3,OK
2025-02-12 19:00:00,ENSAMBLE,True,32.4,38.6,3.3,0.46,117.5,12.6,OK
2025-02-12 19:05:00,ENSAMBLE,True,31.9,42.4,5.0,0.52,36.7,9.9,OK
2025-02-12 19:10:00,ENSAMBLE,True,30.8,42.1,2.0,0.43,96.7,14.3,OK
2025-02-12 19:15:00,ENSAMBLE,True,32.7,45.1,6.1,0.58,110.2,17.1,OK
2025-02-12 19:20:00,ENSAMBLE,True,31.7,44.6,2.1,0.63,103.7,11.7,OK
2025-02-12 19:25:00,ENSAMBLE,True,32.0,42.2,4.2,0.41,110.2,12.2,OK
2025-02-12 19:30:00,ENSAMBLE,True,32.5,40.8,2.4,0.48,81.8,19.0,OK
2025-02-12 19:35:00,ENSAMBLE,True,31.6,40.6,3.7,0.45,99.3,20.1,OK
2025-02-12 19:40:00,ENSAMBLE,True,31.2,35.9,1.7,0.65,145.0,,OK
2025-02-12 19:45:00,ENSAMBLE,True,31.2,43.6,6.2,0.32,61.2,13.9,OK
2025-02-12 19:50:00,ENSAMBLE,True,31.1,42.5,5.5,0.41,83.5,20.2,OK
2025-02-12 19:55:00,ENSAMBLE,True,30.7,39.0,0.7,0.63,102.0,15.7,OK
2025-02-12 20:00:00,ENSAMBLE,False,30.6,41.8,8.4,0.62,106.5,53.3,PM2.5_out
2025-02-12 20:05:00,ENSAMBLE,False,30.8,39.6,4.1,0.55,93.6,6.0,OK
2025-02-12 20:10:00,ENSAMBLE,False,31.0,39.5,4.2,0.4,108.0,12.4,OK
2025-02-12 20:15:00,ENSAMBLE,False,31.8,42.5,7.6,0.39,219.6,23.7,OK
2025-02-12 20:20:00,ENSAMBLE,False,30.4,39.3,3.4,0.66,68.3,18.0,OK
2025-02-12 20:25:00,ENSAMBLE,False,29.8,37.2,4.8,0.64,175.3,10.2,OK
2025-02-12 20:30:00,ENSAMBLE,False,29.8,45.6,5.1,0.52,93.6,29.5,OK
2025-02-12 20:35:00,ENSAMBLE,False,29.8,38.4,5.1,0.25,33.7,24.0,OK
2025-02-12 20:40:00,ENSAMBLE,False,30.8,46.6,6.1,0.67,143.7,19.0,OK
2025-02-12 20:45:00,ENSAMBLE,False,30.9,41.3,3.8,0.73,126.0,17.6,OK
2025-02-12 20:50:00,ENSAMBLE,False,28.7,40.6,7.2,0.29,111.3,18.4,OK
2025-02-12 20:55:00,ENSAMBLE,False,30.8,48.1,1.7,0.31,150.0,17.2,OK
2025-02-12 21:00:00,ENSAMBLE,False,29.0,44.9,6.7,0.76,87.7,50.5,PM2.5_out
2025-02-12 21:05:00,ENSAMBLE,False,29.7,44.0,4.0,0.27,127.9,49.9,PM2.5_out
2025-02-12 21:10:00,ENSAMBLE,False,28.7,40.5,6.1,0.62,158.6,13.9,OK
2025-02-12 21:15:00,ENSAMBLE,False,31.0,43.0,5.4,0.44,182.7,23.1,OK
2025-02-12 21:20:00,ENSAMBLE,False,29.5,39.8,5.3,0.36,143.7,16.9,OK
2025-02-12 21:25:00,ENSAMBLE,False,30.8,49.3,6.3,0.32,171.5,17.7,OK
2025-02-12 21:30:00,ENSAMBLE,False,28.9,42.2,5.4,0.48,112.4,23.5,OK
2025-02-12 21:35:00,ENSAMBLE,False,29.2,39.7,6.8,0.51,73.6,15.3,OK
2025-02-12 21:40:00,ENSAMBLE,False,27.3,44.8,2.3,0.78,130.3,16.2,OK
2025-02-12 21:45:00,ENSAMBLE,False,29.1,49.8,1.1,0.48,127.2,15.3,OK
2025-02-12 21:50:00,ENSAMBLE,False,29.4,39.9,1.9,0.27,70.3,11.1,OK
2025-02-12 21:55:00,ENSAMBLE,False,28.9,43.8,4.5,0.42,117.6,16.8,OK
2025-02-12 22:00:00,ENSAMBLE,False,27.3,44.7,3.8,0.45,120.3,19.0,OK
2025-02-12 22:05:00,ENSAMBLE,False,28.5,46.5,5.4,0.76,110.4,19.4,OK
2025-02-12 22:10:00,ENSAMBLE,False,26.5,48.6,2.3,0.3,46.5,13.0,OK
2025-02-12 22:15:00,ENSAMBLE,False,29.6,45.5,6.2,0.35,120.5,16.5,OK
2025-02-12 22:20:00,ENSAMBLE,False,28.5,,2.3,0.71,172.8,18.8,OK
2025-02-12 22:25:00,ENSAMBLE,False,27.5,46.2,1.9,0.45,152.6,29.0,OK
2025-02-12 22:30:00,ENSAMBLE,False,27.8,39.4,3.6,0.59,81.8,18.4,OK
2025-02-12 22:35:00,ENSAMBLE,False,27.1,46.1,5.1,0.63,156.4,18.0,OK
2025-02-12 22:40:00,ENSAMBLE,False,27.1,46.2,6.0,0.6,98.0,16.5,OK
2025-02-12 22:45:00,ENSAMBLE,False,27.6,46.0,6.5,0.06,80.0,21.1,OK
2025-02-12 22:50:00,ENSAMBLE,False,27.9,52.5,2.1,0.61,181.1,20.9,OK
2025-02-12 22:55:00,ENSAMBLE,False,26.1,44.1,4.4,0.57,195.7,22.3,OK
2025-02-12 23:00:00,ENSAMBLE,False,26.0,47.6,5.7,0.66,121.2,20.1,OK
2025-02-12 23:05:00,ENSAMBLE,False,26.8,45.5,5.2,0.57,155.2,24.1,OK
2025-02-12 23:10:00,ENSAMBLE,False,26.7,46.1,2.5,0.74,96.6,10.7,OK
2025-02-12 23:15:00,ENSAMBLE,False,25.7,44.4,5.2,0.37,77.7,14.3,OK
2025-02-12 23:20:00,ENSAMBLE,False,24.8,52.6,5.0,0.56,74.2,17.4,OK
2025-02-12 23:25:00,ENSAMBLE,False,26.0,47.4,5.2,0.49,79.4,24.8,OK
2025-02-12 23:30:00,ENSAMBLE,False,26.0,55.0,2.9,0.67,103.8,23.6,OK
2025-02-12 23:35:00,ENSAMBLE,False,24.4,42.5,6.6,0.57,78.2,5.7,OK
2025-02-12 23:40:00,ENSAMBLE,False,24.8,52.2,5.8,0.55,170.8,10.1,OK
2025-02-12 23:45:00,ENSAMBLE,False,24.6,49.2,4.3,0.46,63.2,18.8,OK
2025-02-12 23:50:00,ENSAMBLE,False,25.6,44.9,2.1,0.62,162.6,21.2,OK
2025-02-12 23:55:00,ENSAMBLE,False,25.7,55.1,5.1,0.69,77.2,24.9,OK
2025-02-13 00:00:00,ENSAMBLE,False,25.6,48.4,4.0,0.32,154.1,16.2,OK
2025-02-13 00:05:00,ENSAMBLE,False,25.3,51.5,2.0,0.59,98.6,14.0,OK
2025-02-13 00:10:00,ENSAMBLE,False,25.2,51.0,8.7,0.71,141.1,21.7,OK
2025-02-13 00:15:00,ENSAMBLE,False,25.3,51.0,4.2,0.53,125.4,21.8,OK
2025-02-13 00:20:00,ENSAMBLE,False,24.5,49.2,4.5,0.58,115.7,21.5,OK
2025-02-13 00:25:00,ENSAMBLE,False,23.7,48.9,6.3,0.87,82.2,21.9,OK
2025-02-13 00:30:00,ENSAMBLE,False,24.5,52.7,5.2,0.27,83.3,18.0,OK
2025-02-13 00:35:00,ENSAMBLE,False,24.8,49.8,7.8,0.39,149.8,20.6,OK
2025-02-13 00:40:00,ENSAMBLE,False,24.3,54.3,3.7,0.52,127.8,10.2,OK
2025-02-13 00:45:00,ENSAMBLE,False,24.4,49.7,3.6,0.66,130.8,21.6,OK
2025-02-13 00:50:00,ENSAMBLE,False,23.5,51.2,2.7,0.22,25.5,21.7,OK
2025-02-13 00:55:00,ENSAMBLE,False,23.8,54.1,4.8,0.3,120.6,23.9,OK
2025-02-13 01:00:00,ENSAMBLE,False,23.4,51.2,7.2,0.78,169.9,7.2,OK
2025-02-13 01:05:00,ENSAMBLE,False,23.2,53.2,2.3,0.42,128.8,18.1,OK
2025-02-13 01:10:00,ENSAMBLE,False,22.0,56.5,4.7,0.9,89.2,24.8,OK
2025-02-13 01:15:00,ENSAMBLE,False,20.9,56.6,6.8,0.35,164.5,18.0,OK
2025-02-13 01:20:00,ENSAMBLE,False,22.3,48.3,1.9,0.64,77.7,18.1,OK
2025-02-13 01:25:00,ENSAMBLE,False,23.2,45.2,5.2,0.24,183.9,26.4,OK
2025-02-13 01:30:00,ENSAMBLE,False,21.4,55.0,5.3,0.47,118.5,14.3,OK
2025-02-13 01:35:00,ENSAMBLE,False,22.6,55.1,5.9,0.49,140.2,17.9,OK
2025-02-13 01:40:00,ENSAMBLE,False,21.8,53.3,2.5,0.66,123.8,17.2,OK
2025-02-13 01:45:00,ENSAMBLE,False,22.7,53.9,5.3,0.13,88.6,20.6,OK
2025-02-13 01:50:00,ENSAMBLE,False,22.3,50.4,5.0,0.77,89.8,24.3,OK
2025-02-13 01:55:00,ENSAMBLE,False,22.6,54.2,5.2,0.71,90.6,20.6,OK
2025-02-13 02:00:00,ENSAMBLE,False,21.7,50.2,3.7,0.37,216.4,9.0,OK
2025-02-13 02:05:00,ENSAMBLE,False,21.4,54.9,7.1,0.44,55.6,25.1,OK
2025-02-13 02:10:00,ENSAMBLE,False,22.5,54.3,3.5,0.79,176.4,15.9,OK
2025-02-13 02:15:00,ENSAMBLE,False,21.7,54.3,4.0,0.47,139.7,13.1,OK
2025-02-13 02:20:00,ENSAMBLE,False,20.2,57.2,5.1,0.82,122.5,17.6,OK
2025-02-13 02:25:00,ENSAMBLE,False,21.0,56.5,4.2,0.36,218.1,29.8,OK
2025-02-13 02:30:00,ENSAMBLE,False,21.5,56.2,6.5,0.41,96.2,8.2,OK
2025-02-13 02:35:00,ENSAMBLE,False,20.9,58.3,5.4,0.6,113.4,12.0,OK
2025-02-13 02:40:00,ENSAMBLE,False,20.6,51.9,2.6,0.46,72.6,19.9,OK
2025-02-13 02:45:00,ENSAMBLE,False,22.1,59.4,3.8,0.54,54.7,15.3,OK
2025-02-13 02:50:00,ENSAMBLE,False,21.3,60.0,6.9,0.36,129.0,7.8,OK
2025-02-13 02:55:00,ENSAMBLE,False,19.5,57.3,2.7,0.51,120.3,22.8,OK
2025-02-13 03:00:00,ENSAMBLE,False,18.6,55.4,6.9,0.66,132.2,20.1,OK
2025-02-13 03:05:00,ENSAMBLE,False,18.8,60.5,3.7,0.13,156.8,21.3,OK
2025-02-13 03:10:00,ENSAMBLE,False,19.2,57.9,2.9,0.26,74.4,19.2,OK
2025-02-13 03:15:00,ENSAMBLE,False,19.7,58.2,3.0,0.42,46.0,20.2,OK
2025-02-13 03:20:00,ENSAMBLE,False,19.2,62.3,5.0,0.55,144.5,27.1,OK
2025-02-13 03:25:00,ENSAMBLE,False,20.3,58.6,3.7,0.55,66.4,22.8,OK
2025-02-13 03:30:00,ENSAMBLE,False,21.8,59.2,3.6,0.62,170.9,6.4,OK
2025-02-13 03:35:00,ENSAMBLE,False,19.3,54.7,5.4,0.57,91.0,16.7,OK
2025-02-13 03:40:00,ENSAMBLE,False,19.0,52.7,4.0,0.59,131.9,10.5,OK
2025-02-13 03:45:00,ENSAMBLE,False,17.6,60.0,5.5,0.36,221.2,18.5,OK
2025-02-13 03:50:00,ENSAMBLE,False,19.4,65.7,3.9,0.51,115.4,10.8,OK
2025-02-13 03:55:00,ENSAMBLE,False,17.9,50.8,0.8,0.73,110.9,13.1,OK
2025-02-13 04:00:00,ENSAMBLE,False,19.4,54.6,5.1,0.24,73.6,14.6,OK
2025-02-13 04:05:00,ENSAMBLE,False,19.0,56.0,5.7,0.62,160.2,12.8,OK
2025-02-13 04:10:00,ENSAMBLE,False,19.3,55.7,7.6,0.42,102.0,14.3,OK
2025-02-13 04:15:00,ENSAMBLE,False,19.2,58.5,4.5,0.89,92.3,28.9,OK
2025-02-13 04:20:00,ENSAMBLE,False,18.8,61.2,,0.65,165.8,18.2,OK
2025-02-13 04:25:00,ENSAMBLE,False,17.5,59.8,2.4,0.6,151.6,21.9,OK
2025-02-13 04:30:00,ENSAMBLE,False,18.0,57.0,3.4,0.45,129.0,25.2,OK
2025-02-13 04:35:00,ENSAMBLE,False,17.6,57.2,7.7,0.29,126.4,22.7,OK
2025-02-13 04:40:00,ENSAMBLE,False,19.3,60.6,5.9,0.41,128.7,13.2,OK
2025-02-13 04:45:00,ENSAMBLE,False,18.7,59.1,2.2,0.46,23.5,18.8,OK
2025-02-13 04:50:00,ENSAMBLE,False,17.8,62.1,5.6,0.9,108.0,17.3,OK
2025-02-13 04:55:00,ENSAMBLE,False,16.7,54.3,4.1,0.41,204.8,17.2,OK
2025-02-13 05:00:00,ENSAMBLE,False,19.0,52.0,4.5,0.22,51.6,28.2,OK
2025-02-13 05:05:00,ENSAMBLE,False,17.2,58.8,8.5,0.63,158.8,18.5,OK
2025-02-13 05:10:00,ENSAMBLE,False,18.1,57.7,3.8,0.43,140.4,22.9,OK
2025-02-13 05:15:00,ENSAMBLE,False,17.8,59.5,4.1,0.18,73.7,19.3,OK
2025-02-13 05:20:00,ENSAMBLE,False,18.1,57.2,0.0,0.64,84.6,23.8,OK
2025-02-13 05:25:00,ENSAMBLE,False,18.7,55.2,4.5,0.48,84.3,14.1,OK
2025-02-13 05:30:00,ENSAMBLE,False,18.3,61.6,5.8,0.49,114.7,24.2,OK
2025-02-13 05:35:00,ENSAMBLE,False,17.7,57.4,4.0,0.53,161.0,15.6,OK
2025-02-13 05:40:00,ENSAMBLE,False,17.6,62.3,6.0,0.45,,20.1,OK
2025-02-13 05:45:00,ENSAMBLE,False,18.2,60.3,4.1,,107.5,18.8,OK
2025-02-13 05:50:00,ENSAMBLE,False,17.8,60.2,8.2,0.19,84.8,14.0,OK
2025-02-13 05:55:00,ENSAMBLE,False,19.0,59.0,3.7,0.35,133.1,24.1,OK
